chapter	verse	source_pages	type	text
3	58	20,21	translation	ರುದ್ರನ ಪಾಲಿಲ್ಲದ ಈ ಯಜ್ಞವು ಫಲವನ್ನು ಕೊಡುವುದಿಲ್ಲ. ನೀನು ಶಿವನಿಂದೆಯನ್ನು ಮಾಡುತ್ತಿದ್ದೀಯೆ; ಆದ್ದರಿಂದ ನೀನು ಖಂಡಿತವಾಗಿ ಶಿವನ ವಿರೋಧಿಯಾಗಿದ್ದೀಯೆ. ॥೫೮॥
3	59	21	translation	ಹೀಗೆ ಶಿವನನ್ನು ಕುರಿತು ಹೇಳಿ, ದುಃಖದಿಂದ ತುಂಬಿದ ಅವಳು, “ನಿರ್ಗುಣ ಗುಣಾಧಾರನಾದ ಶಿವನನ್ನು ನೀನು ಅರಿಯುವುದಿಲ್ಲ” ಎಂದಳು. ॥೫೯॥
3	60	21	translation	“ನಿನ್ನ ದೇಹದಿಂದ ಹುಟ್ಟಿದ ನನ್ನ ದೇಹಕ್ಕೂ ನೀನೇ ತಂದೆ. ಶಿವನಿಂದಕನಿಂದ ಹುಟ್ಟಿದ ಈ ದೇಹ ಯೋಗ್ಯವಲ್ಲ. ಆದ್ದರಿಂದ ಅದನ್ನು ತ್ಯಜಿಸುವೆನು.” ॥೬೦॥
3	61	21	translation	ಹೀಗೆ ಮನಸ್ಸಿನಲ್ಲಿ ನಿಶ್ಚಯಿಸಿ ಶಂಕರನ ಧ್ಯಾನದಲ್ಲಿ ಮಗ್ನಳಾದ ಅವಳು, ಯೋಗಾಗ್ನಿಯಿಂದ ತನ್ನದೇ ದೇಹವನ್ನು ದಹಿಸಿ ಅದೃಶ್ಯಳಾದಳು. ॥೬೧॥
3	62	21	translation	ಶಿವಧ್ಯಾನದಲ್ಲಿ ನಿರತಳಾದ ಆ ದೇವಿಯು ಮತ್ತೆ ಹಿಮಾಲಯದಲ್ಲಿ ಅವತರಿಸಿದಳು. ಶಿವನ ಧ್ಯಾನದಿಂದ ಅವಳು ಪುನಃ ಶಿವನನ್ನೇ ಪತಿಯಾಗಿ ಪಡೆದಳು. ॥೬೨॥
3	63	21	translation	ಮುನಿಗಳೇ, ಬಳಿಕ ಅವಳು ಬಾಲ್ಯದಲ್ಲಿ ತಪಸ್ಸನ್ನು ಮಾಡಿ, ಸಂತೋಷವನ್ನು ಪಡೆದಳು. ಪಾರ್ವತಿಯ ಪ್ರೇಮದಿಂದ ಶಿವನೂ ಆನಂದಭರಿತನಾದನು. ॥೬೩॥
4	1	21	translation	ಸೂತನು ಹೇಳಿದನು: “ಕೈಲಾಸದ ಸುಂದರ ಶಿಖರದಲ್ಲಿ ಶಿವನು ಚಿಂತಾಮಗ್ನನಾದನು: ‘ಆಹ್ವಾನವಿಲ್ಲದೆ ತಂದೆಯ ಮನೆಗೆ ಹೋದ ದೇವಿಗೆ ಏನಾಗಬಹುದು?’ ॥೧॥
4	2	21	translation	ಅವನು ನಂದಿಕೇಶ್ವರ ಮೊದಲಾದವರಿಂದ ಸುತ್ತುವರಿದು ಕುಳಿತಿದ್ದನು. ಯೋಗಿಗಳು ಅಲ್ಲಿ ಸೇವಿಸುತ್ತಾ ನಾನಾ ಕಥೆಗಳನ್ನು ಹೇಳುತ್ತಿದ್ದರು. ॥೨॥
4	3	21	translation	ಬ್ರಹ್ಮನನ್ನೂ ಭಯಪಡಿಸುವ ಅನೇಕ ಅಪಶಕುನಗಳು ಉಂಟಾದವು. ವಿವಿಧ ಸ್ತುತಿಗಳಿಂದ ಅವರೆಲ್ಲರೂ ಶೂಲಪಾಣಿಯನ್ನು ಹೊಗಳುತ್ತಿದ್ದರು. ॥೩॥
4	4	21	translation	ಆಗ ಯೋಗಿಯಾದ ನಾರದ ಮುನಿಯು ಅಲ್ಲಿಗೆ ಬಂದು, ಪರಮ ಕಲ್ಯಾಣದಾಯಕನಾದ ಶಿವನಿಗೆ ನಮಸ್ಕರಿಸಿ ನಿಂತನು. ॥೪॥
4	5	21	translation	ಅವಕಾಶವನ್ನು ಕಂಡು ಕೋಟಿ ಕಥೆಗಳಲ್ಲಿ ಪಾರಂಗತನಾದ ನಾರದನು ಹೇಳಿದನು: ‘ಚಿತ್ರವಚನದಿಂದ ದಹಿಸಲ್ಪಟ್ಟ ಸತಿಗೆ ಸಮಾನಳಾದ ಸ್ತ್ರೀ ಮತ್ತೊಬ್ಬಳಿಲ್ಲ. ॥೫॥
4	6	21	translation	ಅವಳು ನಿನ್ನ ದೇಹವನ್ನು ತ್ಯಜಿಸಿ ಪರಮ ತತ್ತ್ವಕ್ಕಾಗಿ ದೇಹತ್ಯಾಗ ಮಾಡಿದಳು. ಶಿವನಿಂದೆಯನ್ನು ಕೇಳಿ ತನ್ನ ದೇಹವನ್ನು ಹುಲ್ಲಿನಂತೆ ಸುಟ್ಟುಬಿಟ್ಟಳು.’ ॥೬॥
4	7	21	translation	ವಜ್ರದಂತೆ ಬಡಿದ ಆ ಮಾತನ್ನು ಕೇಳಿ ಶಂಭುವು ಶೋಕದಿಂದ ಹೇಳಿದನು: ‘ದೇವಿ ನನ್ನನ್ನು ಬಿಟ್ಟು ಏಕೆ ಹೋದಳು? ॥೭॥
4	8	21	translation	ನನಗೆ ಏನನ್ನೂ ತಿಳಿಸದೆ, ನನ್ನ ಶೋಕವನ್ನು ನಿವಾರಿಸದೆ ಹೋದಳೇ? ದೇವತೆಗಳ ಮಾತಿನಿಂದ ತನ್ನ ದೇಹವನ್ನು ಸುಟ್ಟಳೇ? ॥೮॥
4	9	21	translation	ಶೋಕಸಾಗರದಲ್ಲಿ ಮುಳುಗಿರುವ ನನ್ನನ್ನು ಬಿಟ್ಟು ಶಿವಾ ಹೊರಟಳು. ಶಕ್ತಿಹೀನನಾದ ನಾನು ಎಲ್ಲ ಕರ್ಮಗಳಿಗೂ ಅಶಕ್ತನಾದೆನು. ॥೯॥
4	10	21	translation	ನಿಶ್ವಾಸಗಳಲ್ಲಿಯೇ ಮುಳುಗುವೆನು; ಆ ದೇವಿ ಪರಮಗತಿಯನ್ನು ಪಡೆದಳು. ಅವಳಿಲ್ಲದೆ ಬದುಕುವುದರಿಂದ ಏನು ಪ್ರಯೋಜನ? ದೇವದೇವನ ಸ್ಥಾನವಿಟ್ಟುಕೊಂಡು ಏನು ಮಾಡಲಿ?’ ॥೧೦॥
4	11	21	translation	ಯೋಗಿಗಳು ದೇವನನ್ನು ಸಮಾಧಾನಪಡಿಸಿದರು. ಆದರೆ ಅವನು ಏನೂ ಹೇಳಲಿಲ್ಲ. ಶಿವನು ಚಿಂತಾಮಗ್ನನಾಗಿ ಬಹಳ ವಿಷಾದವನ್ನು ಪಡೆದನು. ॥೧೧॥
4	12	21	translation	‘ಅಹೋ, ನನ್ನ ಸೃಷ್ಟಿಯು ವಿಫಲವಾಯಿತು. ನನ್ನ ಗತಿಯೂ ವ್ಯರ್ಥವಾಯಿತು.’ ಪರಮ ಐಶ್ವರ್ಯವಿದ್ದರೂ ಅವನು ವಿಷಾದದಿಂದ ತುಂಬಿದನು. ॥೧೨॥
4	13	21	translation	‘ನನ್ನಲ್ಲಿ ಹುಟ್ಟಿನಿಂದಲೂ ಅಚಲವಾದ ಶಾಂತಿ ಇತ್ತು. ಅರ್ಧನಾರೀಶ್ವರನಾದ ನನ್ನಲ್ಲಿ ಈಗ ಪ್ರಿಯೆಯ ಅಗಲಿಕೆಯಿಂದ ಶಾಂತಿಯಿಲ್ಲ. ॥೧೩॥
4	14	21,22	translation	ಶಕ್ತಿಯೊಂದಿಗಿದ್ದಾಗ ನಾನು ನಿತ್ಯವೂ ಶಾಂತನೂ ಆನಂದಭರಿತನೂ ಆಗಿದ್ದೆನು. ಅಖಂಡ ಐಶ್ವರ್ಯದಿಂದ ಮೋಹಿತನಾಗಿ ವಿಘ್ನರಾಜನ ಹೆಸರನ್ನೇ ಮರೆತಿದ್ದೆನು.’ ॥೧೪॥
4	15	22	translation	ಹೀಗೆ ಹೇಳಿ ಶಂಭುವು ತಾನೇ ಪ್ರಾಣಗಳ ಸಂಯಮವನ್ನು ಮಾಡಿದನು. ಭಕ್ತಿಯಿಂದ ಪರಮೋತ್ತಮನಾದ ಏಕಾಕ್ಷರ ಗಣೇಶನನ್ನು ಭಜಿಸಿದನು. ॥೧೫॥
4	16	22	translation	ನಾಲ್ಕು ಭುಜಗಳುಳ್ಳ, ಮಹಾಕಾಯನಾದ ಗಜವಕ್ತ್ರನನ್ನು ಮನಸ್ಸಿನಲ್ಲಿ ಕಂಡು, ‘ನನ್ನ ವಿಘ್ನವನ್ನು ನಿವಾರಿಸು’ ಎಂದು ಕರುಣಾಮಯನನ್ನು ಕೇಳಿದನು. ॥೧೬॥
4	17	22	translation	ಪಾದತಲದಲ್ಲಿ ಪೂರ್ಣನಾದ ಮೂಷಕನಿದ್ದನು; ನಾಭಿಯಲ್ಲಿ ಶೇಷನಿದ್ದನು. ಸಿದ್ಧಿ ಮತ್ತು ಬುದ್ಧಿಯರೊಂದಿಗೆ ಕೂಡಿದ್ದ ದೇವನು ಚಿಂತಾಮಣಿಯಿಂದ ಅಲಂಕೃತನಾಗಿದ್ದನು. ॥೧೭॥
4	18	22	translation	ಶಿವನು ತನ್ನ ಚಿತ್ತದಲ್ಲಿ ಅವನ ಧ್ಯಾನದಲ್ಲಿ ನಿರತನಾಗಿದ್ದನು; ಸಮಾಧಿಸ್ಥನಾದನು. ನಾನಾ ವಿಘ್ನಗಳನ್ನು ಹೋಗಲಾಡಿಸುವ ಬ್ರಹ್ಮರೂಪನ ಧ್ಯಾನದಲ್ಲಿ ಯೋಗಿಯಾಗಿದ್ದನು. ॥೧೮॥
4	19	22	translation	ನಂತರ ಅವನು ನಿರಂತರವಾಗಿ ವಿಘ್ನಗಳನ್ನು ದೂರಮಾಡುವ ವಿಘ್ನರಾಜನನ್ನು ಸ್ತುತಿಸಿದನು. ಅವನ ಸ್ತೋತ್ರವನ್ನು ಶಂಕರನು ನಿತ್ಯವೂ ಹೃದಯದಲ್ಲಿ ಇಟ್ಟುಕೊಂಡಿದ್ದನು. ॥೧೯॥
4	20	22	mantra	ಶಿವ ಉವಾಚ । ನಮಸ್ತೇ ವಿಘ್ನರಾಜಾಯ ನಮಸ್ತೇ ವಿಘ್ನಹಾರಿಣೇ । ವಿಘ್ನಕರ್ತ್ರೇ ಗಣೇಶಾಯ ವಿಘ್ನಾನಾಂ ಪತಯೇ ನಮಃ ॥೨೦॥
4	21	22	mantra	ಲಂಬೋದರಾಯ ಸರ್ವಾಯ ವಕ್ರತುಂಡಸ್ವರೂಪಿಣೇ । ತ್ರೈಗುಣ್ಯೇನ ಜಗದ್ರೂಪನಾನಾಭೇದಾತ್ಮಧಾರಿಣೇ ॥೨೧॥
4	22	22	mantra	ನೈರ್ಗುಣ್ಯೇನ ಚ ವೈ ಸಾಕ್ಷಾದ್ ಬ್ರಹ್ಮರೂಪಧರಾಯ ಚ । ನಮೋ ನಮೋ ವೇದವೇದ್ಯ ಭಕ್ತಾನಾಂ ಪಾಲಕಾಯ ತೇ ॥೨೨॥
4	23	22	mantra	ಅಭಕ್ತೇಭ್ಯಸ್ತಮೋದಾಯ ನಾನಾಭಯಕರಾಯ ಚ । ಹೇರಂಬಾಯ ನಮಸ್ತುಭ್ಯಂ ವೇದವೇದ್ಯಾಯ ಶಾಶ್ವತೇ ॥೨೩॥
4	24	22	mantra	ಅನಂತಾನನರೂಪಾಯಾನಂತಬಾಹ್ವಂಘ್ರಿಕಾಯ ತೇ । ಅನಂತಕರಕರ್ಣಾಯಾನಂತೋದರಧರಾಯ ತೇ ॥೨೪॥
4	25	22	mantra	ನಮೋ ನಮಸ್ತೇ ಗಣನಾಯಕಾಯ ತೇಽನಾದಿಪೂಜ್ಯಾಯ ಚ ಸರ್ವರೂಪಿಣೇ । ಅಖಂಡಲೀಲಾಕರಪೂರ್ಣಮೂರ್ತಯೇ ಮಹೋತ್ಕಟಾಯಾಸ್ತು ನಮೋ ಮಹಾತ್ಮನೇ ॥೨೫॥
4	26	22	mantra	ಆದೌ ಚ ನಿರ್ಮಾಯ ವಿಧಿಂ ರಜೋಮಯಂ ತೇನೈವ ಸೃಷ್ಟಿಂ ವಿದಧಾಸಿ ದೇವ । ಸತ್ತ್ವಾತ್ಮಕಂ ವಿಷ್ಣುಮಥೋ ಹಿ ಮಧ್ಯೇ ನಿರ್ಮಾಯ ಪಾಸಿ ತ್ವಮಖಂಡವಿಕ್ರಮ ॥೨೬॥
4	27	22	mantra	ಅಂತೇ ತಮೋರೂಪಿಣಮೇವ ಸೃಷ್ಟ್ವಾ ಶಂಭುಂ ಸ್ವಶಕ್ತ್ಯಾ ಹರಸಿ ತ್ವಮಾದ್ಯ । ಏವಂವಿಧಂ ತ್ವಾಂ ಪ್ರವದಂತಿ ವೇದಾಃ ತಂ ವೈ ಗಣೇಶಂ ಶರಣಂ ಪ್ರಪದ್ಯೇ ॥೨೭॥
4	28	22	mantra	ಮಾಯಾಮಯಂ ವೈ ಗುಣಪಂ ತು ಸೃಷ್ಟ್ವಾ ತಸ್ಮಾತ್ಪುರಸ್ತ್ವಂ ಗಣರಾಜ ಚಾದೌ । ಸ್ವಾನಂದಸಂಜ್ಞೇ ನಗರೇ ವಿಭಾಸಿ ಸಿದ್ಧ್ಯಾ ಚ ಬುದ್ಧ್ಯಾ ಸಹಿತಃ ಪರೇಶ ॥೨೮॥
4	29	22	mantra	ತಂ ತ್ವಾಂ ಗಣೇಶಂ ಶರಣಂ ಪ್ರಪದ್ಯೇ ಸ್ಥಿತಂ ಸದಾ ಹೃತ್ಸು ಚ ಯೋಗಿನಾಂ ವೈ । ವೇದೈರ್ನ ವೇದ್ಯಂ ಮನಸಾ ನ ಲಭ್ಯಂ ತಂ ವಕ್ರತುಂಡಂ ಹೃದಿ ಚಿಂತಯಾಮಿ ॥೨೯॥
4	30	22	mantra	ಅರ್ಧನಾರೀಶ್ವರತ್ವಂ ಯದ್ಗತಂ ಮೇಽಧುನಾ ಪ್ರಭೋ । ಶಕ್ತಿಹೀನತ್ವಮಾಪ್ತೋಽಹಂ ನಷ್ಟಕರ್ಮಣಾ ಕೃತಃ ॥೩೦॥
4	31	22	mantra	ನಾನೈಶ್ವರ್ಯಯುತಾ ದೇವೀ ಸಾ ಗತಾ ಗಣಪ ಪ್ರಭೋ । ಅನೀಶ್ವರಪದಂ ಪ್ರಾಪ್ತಂ ಮಮ ವೈ ದೇವದೇವ ಭೋಃ ॥೩೧॥
4	32	22	mantra	ನಿರ್ಗುಣೋಽಹಂ ಸದಾ ಶಂಭುಃ ಸಗುಣಃ ಸರ್ವಭಾವವಿತ್ । ಶಕ್ತ್ಯಾ ಯುಕ್ತೋ ಯದಾ ಸ್ವಾಮಿನ್ನಧುನಾ ಕಿಂ ಕರೋಮ್ಯಹಮ್ ॥೩೨॥
4	33	22	mantra	ಶಕ್ತಿಹೀನಃ ಪದಾ ಗಂತುಂ ನ ಶಕ್ನೋಮಿ ಗಣೇಶ್ವರ । ಅತಸ್ತ್ವಂ ದೇವದೇವೇಶ ಶಕ್ತಂ ಮಾಂ ಕುರು ಕರ್ಮಣಿ ॥೩೩॥
4	34	22	translation	ಆಗ ಅಲ್ಲಿಯೇ ಗಣಾಧಿಪತಿಯು ಪ್ರತ್ಯಕ್ಷನಾದನು. ಚಂದ್ರಶೇಖರನಾದ ಶಂಕರನಿಗೆ ಹೇಳಿದನು: ‘ಕೇಳು, ಶಿವನೇ. ॥೩೪॥
4	35	22	translation	ಶೋಕವನ್ನೇಕೆ ಮಾಡುತ್ತಿರುವೆ, ಮಹೇಶ್ವರನೇ? ನಿನಗೆ ಏನು ಪ್ರಾಪ್ತಿಯಾಗಲಿದೆಯೆಂದು ಕೇಳು. ಮಹಾಮಾಯೆಯು ನಿನ್ನ ಮಹಾಯಶಸ್ಸುಳ್ಳ ಪತ್ನಿಯಾಗುವಳು. ॥೩೫॥
4	36	22	translation	ಅಖಂಡ ಐಶ್ವರ್ಯದಿಂದ ಮೋಹಿತನಾಗಿ ನನ್ನನ್ನು ಮರೆತಿದ್ದೆ. ಅದರಿಂದ ವಿಘ್ನವು ಉಂಟಾಯಿತು; ಈಗ ನೀನು ಸದಾ ಜಾಗರೂಕನಾಗಿರು. ॥೩೬॥
4	37	22	translation	ಹೋದ ನಿನ್ನ ಪತ್ನಿ ನಿನ್ನ ಹೃದಯದಲ್ಲಿ ಧ್ಯಾನಪರಾಯಣಳಾಗಿದ್ದಾಳೆ. ಅದರಿಂದ ಅವಳ ಹೆಸರು ಸತಿ ಎಂದು ಪ್ರಸಿದ್ಧವಾಯಿತು. ॥೩೭॥
4	38	22,23	translation	ದೇವಿಯು ಹಿಮಾಲಯದ ಮಗಳಾಗುವಳು. ಮತ್ತೆ ನಿನ್ನನ್ನು ವರಿಸುವಳು; ಪಾರ್ವತಿ ಎಂಬ ಹೆಸರು ಪಡೆಯುವಳು. ॥೩೮॥
4	39	23	translation	ಅವಳೊಡನೆ ನೀನು ನನ್ನ ಧ್ಯಾನದಲ್ಲಿ ನಿತ್ಯವೂ ರಮಿಸು. ಈಶ್ವರನೇ, ನೀನು ಸದಾ ನನ್ನ ಅನುಗ್ರಹದಿಂದ ಸಹಜ ಸ್ಥಿತಿಯಲ್ಲಿರು. ॥೩೯॥
4	40	23	translation	ಸ್ಮರಿಸಿದ ಮಾತ್ರಕ್ಕೆ ನಾನು ನಿನ್ನ ಮುಂದೆ ಪ್ರತ್ಯಕ್ಷನಾಗುವೆನು, ಸದಾಶಿವನೇ.’ ಹೀಗೆ ವರವನ್ನು ಕೊಟ್ಟು ದೇವನು ಅಲ್ಲಿಯೇ ಅಂತರ್ಧಾನನಾದನು. ॥೪೦॥
4	41	23	translation	ನಂತರ ಶಂಕರನು ಶೋಕಮುಕ್ತನಾಗಿ ತನ್ನ ಕರ್ಮಗಳಲ್ಲಿ ಶಾಂತನಾದನು. ಮನಸ್ಸಿನಲ್ಲಿ ಗಣೇಶನನ್ನು ಸ್ಮರಿಸುತ್ತಾ ತನ್ನ ಜಟೆಯಿಂದ ಕೂದಲೊಂದನ್ನು ಕಿತ್ತುಬಿಟ್ಟನು. ॥೪೧॥
4	42	23	translation	ಅದರಿಂದ ಮಹಾಬಾಹುವಾದ ರುದ್ರನು ಹುಟ್ಟಿದನು. ಮಹಾತೇಜಸ್ವಿಯಾದ ಅವನು ಮೂರು ಪಾದಗಳುಳ್ಳ, ಶೂಲಧಾರಿಯಾದ ಸಾಕ್ಷಾತ್ ಬ್ರಹ್ಮರೂಪಿಯಾಗಿದ್ದನು. ॥೪೨॥
4	43	23	translation	ಅವನು ಶಂಕರನಿಗೆ ನಮಸ್ಕರಿಸಿ ಕೈಮುಗಿದು ಮುಂದೆ ನಿಂತನು: ‘ಮಹಾದೇವನೇ, ನನಗೆ ಆಜ್ಞೆ ಮಾಡು; ನಾನು ಸದಾ ನಿನ್ನ ದಾಸನು.’ ॥೪೩॥
4	44	23	translation	ಅವನ ಮಾತನ್ನು ಕೇಳಿ ಸಂತೋಷಗೊಂಡ ಶಂಕರನು ಹೇಳಿದನು: ‘ದಕ್ಷನ ಯಜ್ಞವನ್ನು ನಾಶಮಾಡಿ ಅವನ ದರ್ಪವನ್ನು ನಿವಾರಿಸು.’ ॥೪೪॥
4	45	23	translation	ಆ ಆಜ್ಞೆಯನ್ನು ತಲೆಬಾಗಿ ಸ್ವೀಕರಿಸಿ ಅವನು ಅಟ್ಟಹಾಸ ಮಾಡಿದನು. ಇದರಿಂದ ಮೂರು ಲೋಕಗಳೆಲ್ಲವೂ ಭಯದಿಂದ ಕಂಪಿಸಿದವು. ॥೪೫॥
4	46	23	translation	ವೇಗದಿಂದ ದೇಹವನ್ನು ಮೂರು ಭಾಗಗಳನ್ನಾಗಿ ಮಾಡಿ, ನಾನಾ ರುದ್ರರನ್ನು ಸೃಷ್ಟಿಸಿದನು. ಅವರೊಂದಿಗೆ ದಕ್ಷನ ಮನೆಗೆ ಹೋದನು. ॥೪೬॥
4	47	23	translation	ನಂದಿಕೇಶ್ವರ ಮೊದಲಾದ ಶಂಭುವಿನ ಅನುಚರರು ಕೋಪದಿಂದ ಕೂಡಿದರು. ಅವರೆಲ್ಲರೂ ಪ್ರಚಂಡ ಸೂರ್ಯರಂತೆ ಪ್ರಕಾಶಿಸುತ್ತಿದ್ದರು. ॥೪೭॥
4	48	23	translation	ದಕ್ಷನ ಮನೆಯಲ್ಲಿ ಎಲ್ಲ ಅಪಶಕುನಗಳೂ ಉಂಟಾದವು. ಏನಾಗುವುದೋ ಎಂದು ಶಂಕರನಿಂದಕ ಮುನಿಗಳೂ ದೇವತೆಗಳೂ ಭಯಪಟ್ಟರು. ॥೪೮॥
4	49	23	translation	ಆಗ ಮಹಾಬಲಶಾಲಿಯೂ ಭಯಂಕರನೂ ಆದ ರುದ್ರ ವೀರಭದ್ರನು ದಕ್ಷಯಜ್ಞಕ್ಕೆ ರುದ್ರರೊಂದಿಗೆ ಬಂದನು. ॥೪೯॥
4	50	23	translation	ನಂದಿ, ಭೃಂಗಿ, ರಿಟಿ, ಪುಷ್ಪದಂತ ಮೊದಲಾದವರು ಕೋಪದಿಂದ ತುಂಬಿ ಅಲ್ಲಿ ಕಾಣಿಸಿಕೊಂಡರು; ರುದ್ರಗಣಗಳೆಲ್ಲರೂ ಅವರೊಂದಿಗಿದ್ದರು. ॥೫೦॥
4	51	23	translation	ಭಯಂಕರ ಮುಖಗಳಿದ್ದ ಅವರು ದಕ್ಷನ ಮನೆಯ ಬಾಗಿಲಲ್ಲೇ ದೇವತೆಗಳೆಲ್ಲರನ್ನೂ ದಂಡಿಸಿ ತಡೆಯುತ್ತಿದ್ದರು. ॥೫೧॥
4	52	23	translation	ಯಜ್ಞಮಂಟಪಕ್ಕೆ ಹೋಗಿ ದಕ್ಷಗಣಗಳೊಡನೆ ಯುದ್ಧಮಾಡಿದರು. ಸುಖವನ್ನು ಕೊಡುವವರೇ ದೇವತೆಗಳನ್ನೂ ಮುನಿಗಳನ್ನೂ ಪೀಡಿಸಿದರು. ॥೫೨॥
4	53	23	translation	ನಂದಿಯು ದೇವಪಂಕ್ತಿಯಲ್ಲಿರುವವರನ್ನು ಹೊಡೆಯುತ್ತಿದ್ದನು. ಪಿಶಾಚ ಮೊದಲಾದವರು ಅವರ ದೇಹಗಳನ್ನು ಮಥಿಸುತ್ತಾ ಭಯಾನಕವಾಗಿ ಕೂಗಿದರು. ॥೫೩॥
4	54	23	translation	ಶಿವನಿಲ್ಲದಿರುವಾಗ ನಾರಾಯಣನು ಹೇಗೆ ಹವಿಯನ್ನು ಪಡೆಯಬಹುದು? ಶಿವನಿಂದಕರಾದ ದುಷ್ಟರ ಮರಣಕಾಲ ಬಂದಿದೆ ಎಂದು ಅವರು ಹೇಳಿದರು. ॥೫೪॥
4	55	23	translation	ಹೀಗೆ ಹೇಳಿ ಅವರೆಲ್ಲರೂ ಯಜ್ಞಕುಂಡದಲ್ಲಿ ವಿವಿಧ ಅಶುದ್ಧ ವಸ್ತುಗಳನ್ನು ಹಾಕಿದರು. ಪೂಜೆಯ ವೇದಿಕೆಯಲ್ಲಿ ಮಲಮೂತ್ರಗಳನ್ನು ವಿಸರ್ಜಿಸಿದರು. ॥೫೫॥
4	56	23	translation	ಆಗ ಭೂತಗಳ ಅಧಿಪತಿಯಾದ ಭಗವಾನ್ ಶಂಕರನು ಕೋಪದಿಂದ ಬಂದು ಸೇರಿಕೊಂಡನು. ಸರ್ವತೋಮುಖ ದೇಹದಿಂದ ಅವನು ಕಾಣಿಸಿಕೊಂಡನು. ॥೫೬॥
4	57	23	translation	ದೇವತೆಗಳಿಗೂ ರುದ್ರರಿಗೂ ಭೀಕರ ಯುದ್ಧವು ನಡೆಯಿತು. ದಕ್ಷ ಮೊದಲಾದ ಮಹಾಕರ್ಮಜ್ಞರ ವಿರುದ್ಧ ಶಂಭುವು ತಾನೇ ಯುದ್ಧಮಾಡಿದನು. ॥೫೭॥
4	58	23	translation	ಶಂಕರನು ಪೂಷನ ಹಲ್ಲುಗಳನ್ನು ಕಿತ್ತುಹಾಕಿದನು. ಯುದ್ಧದಲ್ಲಿ ಭಗನನ್ನು ನೆಲಕ್ಕೆ ಬೀಳಿಸಿ ಅವನ ಕಣ್ಣುಗಳನ್ನು ಕಳೆದುಬಿಟ್ಟನು. ॥೫೮॥
4	59	23	translation	ಧರ್ಮನು ಹಿಡಿಯಲ್ಪಟ್ಟಾಗ ಮಹಾವೀರ ನಂದಿಕೇಶ್ವರನು ಹೇಳಿದನು: ‘ದುಷ್ಟನೇ, ನೀನು ಯಾವ ಧರ್ಮವೆಂದು ಹೇಳು. ಶಿವನಿಲ್ಲದೆ ಧರ್ಮವಿಲ್ಲ.’ ॥೫೯॥
4	60	23	translation	ವೀರಭದ್ರನು ಇಂದ್ರನನ್ನು ಹಿಡಿದನು; ತೇಜಸ್ವಿಯಾದ ಭೃಂಗಿಯು ಕಶ್ಯಪನನ್ನು ಹಿಡಿದನು. ಪುಷ್ಪದಂತನು ದೃಢವಾಗಿ ದಕ್ಷನನ್ನು ಹೊಡೆದನು. ॥೬೦॥
4	61	23	translation	ದೇವೇಂದ್ರನನ್ನು ಭೈರವನು ಹಿಡಿದು ಮೂರ್ಛಿತನನ್ನಾಗಿಸಿದನು. ವೀರಭದ್ರನು ದಕ್ಷನನ್ನು ನೆಲಕ್ಕೆ ಉರುಳಿಸಿದನು. ॥೬೧॥
4	62	23	translation	ಹೀಗೆ ಯಜ್ಞವು ಧ್ವಂಸಗೊಳ್ಳುತ್ತಿದ್ದಾಗ, ಮಹಾಬಲಸಂಪನ್ನನಾದ ವಿಷ್ಣುವು ಶಿವನ ಅನುಚರರ ವಿರುದ್ಧ ಯುದ್ಧಮಾಡಿದನು. ॥೬೨॥
4	63	23	translation	ಕೈಗಳಿಂದ ಹೊಡೆತಕ್ಕೊಳಗಾದ ದೇವತೆಗಳು ಭೂತಪಿಶಾಚಗಳ ಹಿಡಿತದಿಂದ ಬಿಡುಗಡೆಗೊಂಡು ಮತ್ತೆ ಯುದ್ಧದಲ್ಲಿ ತೊಡಗಿದರು. ॥೬೩॥
4	64	23	translation	ಅವನನ್ನು ಕಂಡ ಶಂಭುವು ಗಣಾಧಿಪತಿಯನ್ನು ಹೃದಯದಲ್ಲಿ ಧ್ಯಾನಿಸಿದನು. ಬಾಣದಿಂದ ಅವನ ಹೃದಯವನ್ನು ಭೇದಿಸಿ ನೆಲಕ್ಕೆ ಬೀಳಿಸಿದನು. ॥೬೪॥
4	65	24	translation	ಸಂಜ್ಞೆ ಪಡೆದ ಗೋವಿಂದನು ಜಗತ್ತನ್ನು ಸಂಹರಿಸಬಲ್ಲ ತನ್ನ ನಾರಾಯಣಾಸ್ತ್ರವನ್ನು ಪ್ರಯೋಗಿಸಿದನು. ॥೬೫॥
4	66	24	translation	ಶಂಭುವೂ ತನ್ನ ಮಹತ್ತರ ಪಾಶುಪತಾಸ್ತ್ರವನ್ನು ಪ್ರಯೋಗಿಸಿದನು. ಅವೆರಡೂ ಆಕಾಶದಲ್ಲಿ ಪರಸ್ಪರ ಹೊಡೆದಾಡುತ್ತಾ ಪ್ರಕಾಶಿಸಿದವು. ॥೬೬॥
4	67	24	translation	ಅದರಿಂದ ಅಗ್ನಿಜ್ವಾಲೆಗಳಂತಿರುವ ಮಹಾ ತೇಜಸ್ಸು ಉಂಟಾಯಿತು. ಆಗ ಮೂರು ಲೋಕಗಳೂ ಮೃತಪ್ರಾಯವಾದವು. ॥೬೭॥
4	68	24	translation	ಆ ಸಂದರ್ಭದಲ್ಲಿ ವೀರಭದ್ರನು ದಕ್ಷನ ಶಿರಸ್ಸನ್ನು ಕತ್ತರಿಸಿ ಅಗ್ನಿಯಲ್ಲಿ ಹಾಕಿದನು. ॥೬೮॥
4	69	24	translation	ಬೇರೆ ಬೇರೆ ಶಬ್ದಗಳ ಭಯಂಕರ ಗದ್ದಲವು ಉಂಟಾಯಿತು. ಗಾಯಗೊಂಡ ದೇವತೆಗಳು ನೆಲದ ಮೇಲೆ ಉರುಳುತ್ತಿದ್ದರು. ॥೬೯॥
4	70	24	translation	ಮುನಿಗಳೂ ಭಯದಿಂದ ನಾಲ್ಕು ದಿಕ್ಕುಗಳಲ್ಲಿ ಓಡಿಹೋದರು. ಪಿಶಾಚ ಮೊದಲಾದವರು ಕೋಪದಿಂದ ಮತ್ತೆ ಮತ್ತೆ ಯುದ್ಧಮಾಡುತ್ತಿದ್ದರು. ॥೭೦॥
4	71	24	translation	ವಿಷ್ಣುವು ಕೋಪದಿಂದ ಚಕ್ರವನ್ನು ಪ್ರಯೋಗಿಸಿದನು. ಸಾವಿರ ಭೂತಗಳನ್ನು ಬಿಡುಗಡೆಮಾಡುತ್ತಿದ್ದ ಆ ಚಕ್ರವು ಶಂಭುವಿನ ಸಮೀಪಕ್ಕೆ ಬಂದಿತು. ॥೭೧॥
4	72	24	translation	ಚಕ್ರವು ತನ್ನತ್ತ ಬರುತ್ತಿರುವುದನ್ನು ಕಂಡ ಶಿವನು ಕೋಪದಿಂದ ಶೂಲವನ್ನು ಎಸೆದನು. ॥೭೨॥
4	73	24	translation	ಆ ಶೂಲವು ವಿಷ್ಣುವನ್ನು ಕೊಲ್ಲಲು ಧಾವಿಸಿತು. ಆಗ ಆಕಾಶವಾಣಿಯು ಶಂಕರನನ್ನು ತಡೆದಿತು. ॥೭೩॥
4	74	24	translation	‘ಶಂಭುವೇ, ವಿಷ್ಣುವನ್ನು ಕೊಲ್ಲಬಾರದು. ಅವನೂ ನಿನ್ನನ್ನು ಕೊಲ್ಲಲಾರನು. ಮಹಾದೇವನೇ, ಕೋಪವನ್ನು ತ್ಯಜಿಸು; ನಿನಗೆ ಸದಾ ನಮಸ್ಕಾರ.’ ॥೭೪॥
4	75	24	translation	ಅಷ್ಟರಲ್ಲಿ ಸ್ವಯಂಭೂ ಬ್ರಹ್ಮನು ಬಂದು ಪ್ರಾರ್ಥಿಸಿದನು: ‘ಶಂಭುವೇ, ವಿಷ್ಣುವಿನ ನಾಶಕ್ಕೆ ಕಾರಣವಾಗುವ ಈ ವಧೆಯನ್ನು ಮಾಡಬೇಡ. ॥೭೫॥
4	76	24	mantra	ನಮಃ ಶಿವಾಯ ಶಾಂತಾಯ ಶೂಲಿನೇ ಶಂಭವೇ ನಮಃ । ಮಹಾದೇವಾಯ ರುದ್ರಾಯ ಪಶೂನಾಂ ಪತಯೇ ನಮಃ ॥೭೬॥
4	77	24	mantra	ಸಂಹಾರರೂಪೀ ತ್ವಂ ಸಾಕ್ಷಾತ್ಕಾಲೇ ಕಿಂ ಪ್ರವದಸೇ ಜಹಿ ಕೋಪಂ ಮಹಾಬಾಹೋ ನಮಸ್ತೇ ಪರಮೇಶ್ವರ ॥೭೭॥
4	78	24	translation	ಬ್ರಹ್ಮನು ದೇವನನ್ನು ಸ್ತುತಿಸಿದಾಗ ಅವನು ಶಾಂತನಾದನು. ಅದೇ ಸಮಯದಲ್ಲಿ ವಿಷ್ಣುವು ಬ್ರಹ್ಮನಿಗೆ ನಮಸ್ಕರಿಸಿ ಅಲ್ಲಿಗೆ ಬಂದನು. ॥೭೮॥
4	79	24	translation	ಅವನು ಶಿವನಿಗೂ ನಮಸ್ಕರಿಸಿ ಬಹಳ ಲಜ್ಜೆಯಿಂದ ನಿಂತನು. ಬ್ರಹ್ಮನು ವೃಷಭಧ್ವಜನಾದ ಶಂಕರನಿಗೆ ಮಧುರವಾಗಿ ಹೇಳಿದನು. ॥೭೯॥
4	80	24	translation	‘ಈ ಯಜ್ಞದಲ್ಲಿ ನೀನೇ ಯಜ್ಞರೂಪನು, ಯಜ್ಞಕ್ಕೆ ವಿಘ್ನಮಾಡಿದವನೂ ನೀನೇ. ಸದಾಶಿವನೇ, ನಿನಗೆ ಜಯವಾಗಲಿ; ನೀನು ರುದ್ರಭಾಗವನ್ನು ಸ್ವೀಕರಿಸು. ॥೮೦॥
4	81	24	translation	ವಿಘ್ನಗಳನ್ನು ಹೋಗಲಾಡಿಸುವವನು ಶಾಂತನೂ ಶುದ್ಧನೂ ಆಗಿರುತ್ತಾನೆ. ಮೋಹಿತರಿಗೆ ವಿಘ್ನಗಳನ್ನು ತೋರಿಸುವುದು ಸರಿಯಾದದ್ದೇ ಆಗಿದೆ. ॥೮೧॥
4	82	24	translation	ಆದ್ದರಿಂದ ದೇವನೇ, ಕರುಣೆಯಿಂದ ಪ್ರಸನ್ನನಾಗು. ದೇವತೆಗಳಿಗೆ ಸುಖಕೊಟ್ಟು ಈ ಯಜ್ಞವನ್ನು ಮತ್ತೆ ಪೂರ್ಣಗೊಳಿಸು. ॥೮೨॥
4	83	24	translation	ದೇವತೆಗಳು, ಮುನಿಗಳು ಮತ್ತು ದಾಸರಂತೆ ಆಶ್ರಯ ಪಡೆದ ಎಲ್ಲ ಜನರ ರೂಪಗಳನ್ನು ಹಿಂದಿನಂತೆಯೇ ಮಾಡು, ಶಂಕರನೇ. ॥೮೩॥
4	84	24	translation	ಭಗನಿಗೆ ಕಣ್ಣುಗಳಿಲ್ಲ; ಪೂಷನ ಹಲ್ಲುಗಳು ಕಳೆದುಹೋಗಿವೆ. ವೇದಗಳು ಮತ್ತು ಮುನಿಗಳೆಲ್ಲರೂ ದುಃಖದಿಂದ ವಿಹ್ವಲರಾಗಿದ್ದಾರೆ.’ ॥೮೪॥
4	85	24	translation	ಶಂಕರನು ಎಲ್ಲರನ್ನೂ ಹಿಂದಿನಂತೆ ತೇಜಸ್ಸುಳ್ಳವರನ್ನಾಗಿ ಮಾಡಿದನು. ದುಃಖಮುಕ್ತರಾದ ಅವರೆಲ್ಲರೂ ಮತ್ತೆ ಶಂಕರನನ್ನು ವಂದಿಸಿದರು. ॥೮೫॥
4	86	24	translation	ಆಗ ಬ್ರಹ್ಮನು ಹೇಳಿದನು: ‘ದಕ್ಷನ ಶಿರಸ್ಸಿನ ಸ್ಥಿತಿಯನ್ನು ನೀನು ತಿಳಿದಿದ್ದೀಯೆ.’ ಅದನ್ನು ತಿಳಿದು ಭೃಂಗಿಗೆ ಶಂಕರನು ಆಜ್ಞೆ ಮಾಡಿದನು. ॥೮೬॥
4	87	24	translation	‘ಹೋಗಿ, ಮೊದಲು ನೀನು ಕತ್ತರಿಸಿದ ಮೇಕೆಯನ್ನು ಕರೆದುಕೊಂಡು ಬಾ. ಆ ಮೇಕೆಯ ಶಿರಸ್ಸು ದಕ್ಷನ ಶಿರಸ್ಸಾಗಲಿ.’ ॥೮೭॥
4	88	24	translation	ಹಿಂದೆ ಅವನು ಬಹಳ ಶಕ್ತಿಯುಳ್ಳ ಮೇಕೆಯನ್ನು ಕಂಡು ಕೊಂದಿದ್ದನು. ಅದರ ಕತ್ತರಿಸಿದ ತಲೆಯನ್ನು ಭೃಂಗಿಯು ತಂದು ಕೊಟ್ಟನು. ॥೮೮॥
4	89	24	translation	ಆ ತಲೆಯನ್ನು ಜೋಡಿಸಿ ಶಂಕರನು ದಕ್ಷನನ್ನು ಬದುಕಿಸಿದನು. ಎದ್ದ ದಕ್ಷನು ದುಃಖದಿಂದ ಕೂಡಿದವನಾದನು. ॥೮೯॥
4	90	24,25	translation	ಬ್ರಹ್ಮನ ಪ್ರೇರಣೆಯಿಂದ ದಕ್ಷನು ಮತ್ತೆ ಶಂಕರನನ್ನು ಸ್ತುತಿಸಿದನು. ಮಹಾಬಾಹುವಾದ ಅವನು ಎಲ್ಲ ದೇವತೆಗಳ ಭಕ್ತಿಯಿಂದ ನಮಸ್ಕರಿಸಿದನು. ॥೯೦॥
4	91	25	mantra	ದಕ್ಷ ಉವಾಚ । ನಮಾಮಿ ಶಂಕರಂ ಸಾಕ್ಷಾದ್ಯದಾಧಾರಮಿದಂ ಜಗತ್ । ಕಾಲರೂಪಂ ಯಥಾಕಾಲಂ ಬೋಧಯಾಮಾಸ ತಂ ಶಿವಮ್ ॥೯೧॥
4	92	25	mantra	ಕಾಲೇನ ಫಲಮೂಲಾನಿ ಜಾಯಂತೇಽಪಿ ದಿಶಾನಿ ಚ । ಶೀತೋಷ್ಣಸಮಭಾವಶ್ಚ ಸದಾ ಕಾಲೇನ ಜಾಯತೇ ॥೯೨॥
4	93	25	mantra	ಸೂರ್ಯಸ್ತಪತಿ ಕಾಲೇನ ಜ್ಯೋತಿಷಾಂ ಗಣ ಏವ ಚ । ಕಾಲೇನ ಜಾಯತೇ ವೃಷ್ಟಿರವೃಷ್ಟಿಶ್ಚ ವಿಭೋ ॥೯೩॥
4	94	25	mantra	ಕಾಲೇನ ಸೃಜ್ಯತೇ ಸೃಷ್ಟಿರ್ಬ್ರಹ್ಮಣಾ ವೈ ಪುನಃ ಪುನಃ । ಕಾಲೇನ ಪಾಲನಂ ತತ್ರ ಕುರುತೇ ವಿಷ್ಣುರವ್ಯಯಃ ॥೯೪॥
4	95	25	mantra	ಕಾಲೇನ ಸ್ವೇಚ್ಛಯಾ ಶಂಭುಃ ಸಂಹಾರಂ ಪ್ರಕರೋತಿ ಚ । ಯತ್ಕಿಂಚಿದಿಹ ತತ್ಸರ್ವಂ ಕಾಲಾಧೀನಂ ನ ಸಂಶಯಃ ॥೯೫॥
4	96	25	mantra	ಸ ಏವ ಕಾಲೋ ಭಗವಾನೀಶ್ವರೋ ಬ್ರಹ್ಮಸಂಜ್ಞಿತಃ । ಶಿವಃ ಸಾಕ್ಷಾಚ್ಚ ವೇದೇಷು ಕಥ್ಯತೇ ವೇದವಾದಿಭಿಃ ॥೯೬॥
4	97	25	mantra	ಕ್ಷಮಸ್ವ ಮೇಽಪರಾಧಂ ತ್ವಂ ತ್ವನ್ಮಾಯಾಗರ್ವಿತಸ್ಯ ಚ । ಯತ್ಕೃತಂ ತದ್ದಯಾಶೀಲ ನಮಸ್ತೇ ಪರಮೇಶ್ವರ ॥೯೭॥
4	98	25	mantra	ಸಗುಣಾಯ ನಮಸ್ತುಭ್ಯಂ ನಿರ್ಗುಣಾಯ ನಮೋ ನಮಃ । ಸೃಷ್ಟಿಕರ್ತ್ರೇ ಚ ಸಂಹರ್ತ್ರೇ ಪಾತ್ರೇ ನಾನಾಸ್ವರೂಪಿಣೇ ॥೯೮॥
4	99	25	mantra	ಅನಂತಗುಣರಾಶಿಸ್ತ್ವಂ ವರ್ಣನೀಯಂ ಕಿಮಪ್ಯಹೋ । ನಾಂತಂ ಬ್ರಹ್ಮಾದಯೋ ಜಗ್ಮುರ್ಮಹೇಶಾನಾಂ ಚ ಕಾ ಕಥಾ ॥೯೯॥
4	100	25	mantra	ನಮೋ ನಮೋ ಬ್ರಹ್ಮಮಯಾಯ ದೇವಾಯ ಶಿವಾಯಾಥ ಚ ಪೂರ್ಣಮೂರ್ತೇ । ಅನಾದಿಮಧ್ಯಾಂತವಿಹೀನಭೂಮ್ನೇ ನಮೋ ನಮೋ ಭಕ್ತಭಯಾಪಹಂತ್ರೇ ॥೧೦೦॥
4	101	25	translation	ಹೀಗೆ ಪ್ರೇಮದಿಂದ ಗದ್ಗದವಾದ ಮಾತಿನಲ್ಲಿ ಸ್ತುತಿಸುತ್ತಿದ್ದ ದಕ್ಷನಿಗೆ ಪರಮವಿಸ್ಮಯದ ಅಳುವು ಉಂಟಾಯಿತು. ॥೧೦೧॥
4	102	25	translation	ಇದರಿಂದ ಪ್ರಸನ್ನನಾದ ಮಹಾದೇವನು ಯಜ್ಞವನ್ನು ಮತ್ತೆ ಸರಿಪಡಿಸಿದನು. ಮುನಿಗಳೇ, ಭಗವಂತನು ಎಲ್ಲವನ್ನೂ ಹಿಂದಿನಂತೆಯೇ ಮಾಡಿದನು. ॥೧೦೨॥
4	103	25	translation	ನಂತರ ಶಿವನು ಬ್ರಹ್ಮನಿಗೆ ಹೇಳಿದನು: ‘ನನ್ನ ವಿಷಯದಲ್ಲಿ ಸೃಷ್ಟಿಕರ್ತನಾದ ನೀನು ಸದಾ ಮಾನ್ಯನಾಗಿರುವೆ; ಪ್ರಜಾಪತಿಗಳಲ್ಲಿ ಶ್ರೇಷ್ಠನಾಗಿರುವೆ. ॥೧೦೩॥
4	104	25	translation	ಯಾರಾದರೂ ಈ ಶ್ರೇಷ್ಠವಾದ ನನ್ನ ಸ್ತುತಿಯನ್ನು ಓದಿದರೆ ಅವರಿಗೆ ಇಚ್ಛಿಸಿದ ಫಲವನ್ನು ಕೊಡುವೆನು. ಈ ಸ್ತೋತ್ರದಿಂದ ಅವರು ನನ್ನನ್ನು ಕೀರ್ತಿಸಲಿ. ॥೧೦೪॥
4	105	25	translation	ಇಲ್ಲಿ ಎಲ್ಲ ಭೋಗಗಳನ್ನೂ ಅನುಭವಿಸಿ, ನನ್ನ ಲೋಕವನ್ನು ಪಡೆಯುವರು. ಅವರಿಗೆ ನನ್ನ ಪ್ರೀತಿಯೂ ಉಂಟಾಗುವುದು; ಸಂಶಯವಿಲ್ಲ. ॥೧೦೫॥
4	106	25	translation	ನೀನು ಇಲ್ಲದಿರುವಾಗ ಯಜ್ಞಧ್ವಂಸ ಮಾಡಿದವರನ್ನು ಹೆಸರಿಸು. ಅವರ ಸಮೂಹವು ನಿತ್ಯವೂ ನನ್ನ ಸನ್ನಿಧಿಯಲ್ಲಿ ಸೇವೆಮಾಡುವುದು. ॥೧೦೬॥
4	107	25	translation	ಅವರಿಂದ ನಾನು ಸಂತುಷ್ಟನಾಗಿ ಅವರು ಬಯಸಿದ್ದನ್ನು ಪೂರೈಸುವೆನು.’ ಹೀಗೆ ವರಕೊಟ್ಟು ಶಂಭುವು ಅಲ್ಲಿಯೇ ಅಂತರ್ಧಾನನಾದನು. ॥೧೦೭॥
4	108	25	translation	ಕರ್ಮಯುಕ್ತವಾಗಿ ಸಂತುಷ್ಟರಾದ ಎಲ್ಲರೂ ತಮ್ಮ ತಮ್ಮ ಸ್ಥಳಗಳಿಗೆ ಹೋದರು. ದಕ್ಷನ ಮನೆಯಲ್ಲಿ ಬ್ರಾಹ್ಮಣರು ಉಳಿದರು; ದಕ್ಷನು ದುಃಖಿತನಾಗಿ ತನ್ನ ಮನೆಯಲ್ಲೇ ಇದ್ದನು. ॥೧೦೮॥
4	109	25	translation	ಶಿವಭಕ್ತರು ಈ ಅಜಪಕ್ಷಸಂಬಂಧಿ ಸ್ತುತಿಯನ್ನು ಶಿವಾಲಯದಲ್ಲಿ ಮಾಡಿದರೆ ಶಂಕರನು ಸಂತೋಷಗೊಳ್ಳುತ್ತಾನೆ. ॥೧೦೯॥
4	110	25	translation	ದಕ್ಷ ಮೊದಲಾದವರ ಯಜ್ಞಭಂಗಕ್ಕೆ ಕಾರಣವಾದ ಎಲ್ಲವನ್ನೂ ಹೇಳಿದೆನು. ಮತ್ತೆ ಏನನ್ನು ಕೇಳಲು ಬಯಸುತ್ತೀರಿ?” ॥೧೧೦॥
5	1	26	translation	ಶೌನಕನು ಹೇಳಿದನು: “ಯಜ್ಞಧ್ವಂಸ ಮೊದಲಾದ ದಕ್ಷನ ಮಹಾಚರಿತ್ರೆಯನ್ನು ಕೇಳಿದೆವು. ಈಗ ಮುದ್ಗಲ ಮತ್ತು ದಕ್ಷರ ಸಂವಾದವನ್ನು ಹೇಳು.” ॥೧॥
5	2	26	translation	ಸೂತನು ಹೇಳಿದನು: “ಶೌನಕನೇ, ದಕ್ಷ ಮತ್ತು ಮುದ್ಗಲರಿಂದ ಉಂಟಾದ ಈ ಸಂವಾದವನ್ನು ಕೇಳು. ಬ್ರಹ್ಮಜ್ಞಾನವನ್ನು ಪೂರ್ಣವಾಗಿ ನೀಡುವ ಅದ್ಭುತವಾದ ವಿಷಯವಿದು. ॥೨॥
5	3	26	translation	ಗಣಪತಿಪ್ರಿಯ ಮುದ್ಗಲನು ದಕ್ಷನ ಪ್ರಶ್ನೆಯನ್ನು ಕೇಳಿದನು. ಯೋಗಿಗಳಲ್ಲಿ ಶ್ರೇಷ್ಠನಾದ ಮಹರ್ಷಿಯು ಭಾವಪೂರ್ವಕವಾಗಿ ಅವನಿಗೆ ಉತ್ತರಿಸಿದನು. ॥೩॥
5	4	26	translation	ಮುದ್ಗಲನು ಹೇಳಿದನು: ‘ಗಣಪತಿಯು ಎಲ್ಲರಿಗೂ ತಾಯಿ ಮತ್ತು ತಂದೆ ಎಂಬುದರಲ್ಲಿ ಸಂಶಯವಿಲ್ಲ. ಆದ್ದರಿಂದ ದೇವತೆಗಳ ರಾಜನಾದ ಅವನು ಎಲ್ಲರಿಗಿಂತ ಮೊದಲು ಪೂಜಿಸಲ್ಪಡುತ್ತಾನೆ. ॥೪॥
5	5	26	translation	ವೇದವು ಅವನನ್ನು ಜ್ಯೇಷ್ಠರಾಜನೆಂದು ಹೇಳಿದೆ. ಅವನ ಜ್ಯೇಷ್ಠತ್ವವನ್ನು ತಿಳಿದುಕೊಳ್ಳಬೇಕೆಂಬುದು ಎಲ್ಲರಿಗೂ ಸಮ್ಮತವಾದ ವಿಷಯ. ॥೫॥
5	6	26	translation	ಎಲ್ಲವೂ ಅವನ ಅಂಶಗಳು, ಅಂಶಗಳ ಅಂಶಗಳೂ ಹೌದು. ಅವನ ಪೂರ್ಣ ಕಲೆ ಎಲ್ಲಿ ಇದೆ? ಅದನ್ನು ಯಾರಿಂದ ತಿಳಿಯಲು ಸಾಧ್ಯ? ॥೬॥
5	7	26	translation	ಆದ್ದರಿಂದಲೇ ಆ ಭಗವಂತನು ವಿನಾಯಕ ಎಂಬ ಹೆಸರು ಪಡೆದನು. ಗಣಪತಿಯು ಎಲ್ಲರಿಗೂ ವಿಶೇಷವಾಗಿ ನಾಯಕನು. ॥೭॥
5	8	26	translation	ಯಾರಿಗೆ ಬೇರೆ ನಾಯಕನಿಲ್ಲವೋ ಅವನು ಸ್ವೇಚ್ಛಾಚಾರಿಯಾದ ವಿನಾಯಕನು. ಸ್ವಾನಂದಲೋಕದಲ್ಲಿ ವಾಸಿಸುತ್ತಾ ಸ್ವಸಂವೇದ್ಯನಾಗಿ ಪ್ರಕಾಶಿಸುತ್ತಾನೆ. ॥೮॥
5	9	26	translation	ಬ್ರಹ್ಮ, ವಿಷ್ಣು, ಶಿವ ಮೊದಲಾದವರು, ವೇದಗಳು ಮತ್ತು ಯೋಗಿಗಳೂ ಧರ್ಮಮಾರ್ಗದಲ್ಲಿ ಅವನನ್ನು ಪೂಜಿಸುತ್ತಾರೆ. ॥೯॥
5	10	26	translation	ಶಿವ ಮೊದಲಾದವರು ತಮಗಿರುವ ಐಶ್ವರ್ಯವನ್ನು ಶಾಶ್ವತವೆಂದು ಅಭಿಮಾನಿಸಿ ಗರ್ವದಿಂದ ವರ್ತಿಸಿದಾಗ, ॥೧೦॥
5	11	26	translation	ಅವರ ಜ್ಞಾನಸಿದ್ಧಿಗಾಗಿ ಈ ದೇವನು ಗರ್ವಹರಣ ಮಾಡುತ್ತಾನೆ. ಆಗ ಪೂರ್ಣನಾದ ಪ್ರಭುವು ವಿಘ್ನಗಳ ಮಹಾರಾಜನಾಗುತ್ತಾನೆ. ॥೧೧॥
5	12	26	translation	ಅವನ ಪಾದವನ್ನು ದೇವತೆಗಳೂ ಬ್ರಾಹ್ಮಣರೂ ಎಲ್ಲ ಜೀವಿಗಳೂ ಆಶ್ರಯಿಸುತ್ತಾರೆ. “ನಾನೇನು ಮಾಡಲಿ?” ಎಂದು ಸಮಾಧಿಯಲ್ಲಿ ವಿಚಾರಿಸುತ್ತಾರೆ. ॥೧೨॥
5	13	26	translation	ಆಗ ಯೋಗದಿಂದ ಪಂಚಚಿತ್ತವೃತ್ತಿಗಳ ಚೇತನವನ್ನು ಅರಿಯುತ್ತಾರೆ. ಅವುಗಳನ್ನು ಪ್ರಕಾಶಿಸುವವನನ್ನು ಚಿಂತಾಮಣಿ ಎಂದು ಕರೆಯುತ್ತಾರೆ. ॥೧೩॥
5	14	26	translation	ವೇದವು ಹೇಳಿದಂತೆ ಅವನನ್ನು ತಿಳಿದು ಶರಣಾಗುತ್ತಾರೆ. ಆಗ ಎಲ್ಲರಿಗೂ ಸರ್ವಾರ್ಥಗಳನ್ನು ನೀಡುವ ವಿಘ್ನಹರನಾಗುತ್ತಾನೆ. ॥೧೪॥
5	15	26	translation	ವಿಘ್ನರಾಜನು ಎಲ್ಲರಿಗೂ ಸಮ್ಮತವಾದ ಸ್ವರೂಪನು. ಗಣೇಶ ಮೊದಲಾದ ಹೆಸರುಗಳಿಂದಲೇ ಉನ್ನತವಾದುದನ್ನು ಹೇಳಲಾಗುತ್ತದೆ. ॥೧೫॥
5	16	26	translation	ನಿನ್ನ ಶರಣಾಗತಿಯನ್ನು ತಿಳಿದುಕೋ; ಚಿಂತಾಮಣಿ, ವಿಘ್ನಹರ, ಗಣೇಶ ಮತ್ತು ವಿನಾಯಕರನ್ನೇ ಆಶ್ರಯಿಸು.’ ॥೧೬॥
5	17	26	translation	ಸೂತನು ಹೇಳಿದನು: “ಪ್ರಜಾಪತಿಯು ಇದನ್ನು ಕೇಳಿ ಸಂತೋಷಪಟ್ಟನು. ಪಾಪನಾಶಕ ಕಥೆಯನ್ನು ಮತ್ತೆ ವಿನಯದಿಂದ ಕೇಳಿದನು.” ॥೧೭॥
5	18	26	translation	ದಕ್ಷನು ಹೇಳಿದನು: “ಈ ಸ್ವಾನಂದವಾಸಿ ಯಾರು? ಭೇದವಿಲ್ಲದ ಯೋಗವು ಹೇಗಿದೆ? ಆ ಮಾರ್ಗವನ್ನು ತಿಳಿಸು; ಅದರ ಮೂಲಕ ಅವನನ್ನು ನಿತ್ಯವೂ ಭಜಿಸುವೆನು.” ॥೧೮॥
5	19	26	translation	ಮುದ್ಗಲನು ಹೇಳಿದನು: “ನಿನಗೆ ಈ ಪುರಾತನ ಇತಿಹಾಸವನ್ನು ಹೇಳುವೆನು. ಪಾರ್ವತಿ ಮತ್ತು ಶಿವರ ಸಂವಾದವು ಹೇಗೆ ನಡೆಯಿತೋ ಕೇಳು. ॥೧೯॥
5	20	26	translation	ಕೈಲಾಸದಲ್ಲಿ ಸುಖವಾಗಿ ಕುಳಿತಿದ್ದ ಮಹೇಶ್ವರನಿಗೆ ಪಾರ್ವತಿಯು ನಮಸ್ಕರಿಸಿ ಸಂತೋಷದಿಂದ ಪ್ರಶ್ನಿಸಿದಳು. ॥೨೦॥
5	21	26	translation	ಪಾರ್ವತಿಯು ಹೇಳಿದಳು: ‘ಶಿವನೇ, ನೀನು ಎಲ್ಲ ದೇವತೆಗಳು, ನಾಗರು, ರಾಕ್ಷಸರು ಮತ್ತು ಮನುಷ್ಯರಿಗೆ ಪೂಜ್ಯನೂ ಸ್ವಾಮಿಯೂ ಆಗಿರುವೆ. ॥೨೧॥
5	22	26	translation	ನೀನು ಅವರಿಗೆ ಪದವಿಯನ್ನು ಕೊಡುವ ಸರ್ವಾಧಿಕಾರಿ, ಪುರಾತನನಾದ ಮಾಯಾವಿಹಾರಿ, ಶಿವತತ್ತ್ವವೆಂದು ಪ್ರಸಿದ್ಧನಾದವನು. ॥೨೨॥
5	23	26	translation	ದೇವನೇ, ನೀನು ಸಮಾಧಿಯಲ್ಲಿ ಯಾರನ್ನು ಧ್ಯಾನಿಸುತ್ತೀಯೆ? ಪ್ರಭುವೇ, ತಿಳಿಸು. ನಿನಗಿಂತ ಉನ್ನತವಾದದ್ದು ಯಾವುದೂ ಕೇಳಿಬಂದಿಲ್ಲ.’ ॥೨೩॥
5	24	26	translation	ಈ ಪ್ರಶ್ನೆಗೆ ಮೃತ್ಯುಂಜಯ ಸದಾಶಿವನು ವೇದಾದಿಗಳ ಪರಮಸಾರವೂ ಬ್ರಹ್ಮಭೂತವೂ ಆದ ಉತ್ತರವನ್ನು ಹೇಳಿದನು. ॥೨೪॥
5	25	26,27	translation	ಮಹಾದೇವನು ಹೇಳಿದನು: ‘ಪ್ರಿಯೆಯೇ, ನಾನು ಹಗಲಿರುಳೂ ಧ್ಯಾನಿಸುವವನನ್ನು ಹೇಳುವೆನು. ಸ್ವಾನಂದವಾಸಿಯಾದ ಪರಮ ಗಣೇಶನನ್ನು ಹೃದಯದಲ್ಲಿ ಸ್ಮರಿಸುತ್ತೇನೆ. ॥೨೫॥
5	26	27	translation	ಅವನಲ್ಲಿ ಸಾಕಾರ ಮತ್ತು ನಿರಾಕಾರಗಳ ವಿಚಾರವೂ ಇಲ್ಲ. ಅವನು ಮನಸ್ಸಿಗೂ ಮಾತಿಗೂ ಅತೀತನು; ಅವುಗಳ ವಿಷಯನಲ್ಲ. ॥೨೬॥
5	27	27	translation	ಶಿವನ ಮಾತನ್ನು ಕೇಳಿದ ಪಾರ್ವತಿಯು ವಿಸ್ಮಯಗೊಂಡಳು. ಗೌರವಪೂರ್ವಕವಾಗಿ ಮಧುರವಾದ ಮಾತಿನಲ್ಲಿ ಅವನನ್ನು ಕೇಳಿದಳು. ॥೨೭॥
5	28	27	translation	ಪಾರ್ವತಿಯು ಹೇಳಿದಳು: ‘ಈ ಗಣೇಶನೆಂಬವನು ಯಾರು? ಅವನು ಹೃದಯದಲ್ಲಿ ಹೇಗೆ ನೆಲೆಸಿದ್ದಾನೆ? ಸ್ವಾನಂದವಾಸಿ ಎಂಬ ಪ್ರಭು ಎಲ್ಲಿ ವಾಸಿಸುತ್ತಾನೆ? ॥೨೮॥
5	29	27	translation	ಸಾಕಾರವೂ ನಿರಾಕಾರವೂ ಇಲ್ಲದ ಅವನನ್ನು ಜನರು ಹೇಗೆ ತಿಳಿಯಬಲ್ಲರು? ಮನಸ್ಸಿಗೂ ಮಾತಿಗೂ ವಿಷಯನಲ್ಲದ ಅವನ ಧ್ಯಾನವನ್ನು ನಾವು ಮಾಡಲಾರೆವು. ॥೨೯॥
5	30	27	translation	ಅವನನ್ನು ಧ್ಯಾನಿಸಲು ನನಗೆ ಮಾರ್ಗ ತಿಳಿಯದು. ದೇವನೇ, ಯಾವ ಮಾರ್ಗದಿಂದ ಅವನ ಧ್ಯಾನ ಸಾಧ್ಯವೆಂದು ತಿಳಿಸು. ॥೩೦॥
5	31	27	translation	ಮಹಾದೇವನೇ, ನಾನು ನಿನ್ನ ದಾಸಿ; ಶಿಷ್ಯಭಾವದಿಂದ ನಿಂತಿದ್ದೇನೆ. ಗಣಪತಿಯ ಆ ಧ್ಯಾನವನ್ನು ನನಗೆ ತಿಳಿಸು. ॥೩೧॥
5	32	27	translation	ನಿನ್ನ ಉಪದೇಶದಂತೆ ಭಾವಪೂರ್ವಕವಾಗಿ ಸಾಧಿಸುವೆನು. ನಿನ್ನ ಕೃಪೆಯಿಂದ ಕೃತಾರ್ಥಳಾಗುವೆನು ಎಂಬುದರಲ್ಲಿ ಸಂಶಯವಿಲ್ಲ.’ ॥೩೨॥
5	33	27	translation	ಮುದ್ಗಲನು ಹೇಳಿದನು: “ದೇವಿಯು ಹೀಗೆ ಕೇಳಿದಾಗ ಮಹಾದೇವನು ಅವಳ ಮೇಲಿನ ಪ್ರೇಮದಿಂದ ಸಂತೋಷಪಟ್ಟನು. ಗಣೇಶನ ಮಾರ್ಗವನ್ನು ತೋರಿಸಿ ಪ್ರೀತಿಯಿಂದ ಉತ್ತರಿಸಿದನು. ॥೩೩॥
5	34	27	translation	‘ಈಗ ಅತ್ಯಂತ ಗುಪ್ತವೂ ಮಹತ್ತರವಾದ ರಹಸ್ಯವನ್ನು ಕೇಳು. ಅನಂತರ ನಡೆದದ್ದನ್ನೂ ವೇದಗಳ ಸಾರವನ್ನೂ ನಿನಗೆ ಹೇಳುವೆನು.’ ॥೩೪॥
5	35	27	translation	ದಕ್ಷನು ಹೇಳಿದನು: ‘ಮುದ್ಗಲನೇ, ಆ ಮಾತುಗಳನ್ನು ಕೇಳಿ ನನಗೆ ಬಹಳ ಸಂತೋಷವಾಯಿತು. ಶಿವ ಮತ್ತು ಉಮೆಯ ಯೋಗಸಂವಾದವನ್ನು ಹೇಳು.’ ॥೩೫॥
5	36	27	translation	ಸೂತನು ಹೇಳಿದನು: “ಭಾವದಿಂದ ತುಂಬಿದ ದಕ್ಷನ ಈ ಮಾತನ್ನು ಕೇಳಿ ಸಂತೋಷಗೊಂಡ ಮುದ್ಗಲನು ಹೇಳಲು ಆರಂಭಿಸಿದನು. ॥೩೬॥
5	37	27	translation	ಮುದ್ಗಲನು ಹೇಳಿದನು: ‘ಮಹಾಯಶಸ್ವಿಯಾದ ಶಂಭುವು ಗಣಪತಿಯನ್ನು ಹೃದಯದಲ್ಲಿ ಸ್ಮರಿಸಿ ಧ್ಯಾನಿಸಿದನು. ಗಣಪತಿಯ ದಾಸನಾದ ಅವನು ಮಹಾದೇವಿಗೆ ಈ ಉತ್ತರವನ್ನು ನೀಡಿದನು. ॥೩೭॥
5	38	27	translation	ಶ್ರೀಶಿವನು ಹೇಳಿದನು: “ನಿನ್ನ ಚಿತ್ತದಿಂದ ಚಿಂತಿಸಬಹುದಾದ ಎಲ್ಲವೂ ಮಾಯಾಮಯವೆಂದು ತಿಳಿ. ಚಿತ್ತವಿಕಾರವಿಲ್ಲದುದನ್ನು ಮಾಯಾತೀತವೆಂದು ಕರೆಯುತ್ತಾರೆ. ॥೩೮॥
5	39	27	translation	ಈ ಎರಡು ಬಗೆಯ ಸೃಷ್ಟಿಗಳನ್ನು ಮಾಡಿದವನೇ ಗಣನಾಯಕನು. ಸ್ವಸಂವೇದ್ಯನೆಂದು, ವಿಶೇಷವಾಗಿ ವೇದಗಳಲ್ಲಿ ಎರಡು ರೂಪಗಳಿಂದ ಹೇಳಲ್ಪಟ್ಟಿದ್ದಾನೆ. ॥೩೯॥
5	40	27	translation	ದೇವತೆಗಳೂ ಯೋಗಿಗಳೂ ಅವನನ್ನೇ ಆರಾಧಿಸುತ್ತಾರೆ. ಆದ್ದರಿಂದ ವೇದಗಳು ಅವನನ್ನು ಸ್ವಾನಂದವಾಸಿ ಎಂದು ಕರೆಯುತ್ತವೆ. ॥೪೦॥
5	41	27	translation	ಚಿತ್ತದ ಪಂಚಭೂಮಿಗಳನ್ನು ಪ್ರಕಾಶಿಸುವವನೆಂದು ಸ್ತುತಿಸಲ್ಪಟ್ಟ ಪ್ರಭುವು ಚಿಂತಾಮಣಿ ಎಂದು ಪ್ರಸಿದ್ಧನು; ಹೃದಯದಲ್ಲಿ ನೆಲೆಸಿದ್ದಾನೆ. ॥೪೧॥
5	42	27	translation	ಎಲ್ಲರ ಗಣಗಳ ತುಲನೆಯಲ್ಲಿಯೂ ಗಣೇಶ್ವರನೇ ಸ್ವಾಮಿ. ಆದ್ದರಿಂದ ಎಲ್ಲರೂ ನಿತ್ಯವೂ ಅಭೇದಯೋಗದ ಮಾರ್ಗದಲ್ಲಿ ಅವನ ಧ್ಯಾನ ಮಾಡುತ್ತಾರೆ.” ॥೪೨॥
5	43	27	translation	ಮುದ್ಗಲನು ಹೇಳಿದನು: ‘ಶಿವನ ಮಾತನ್ನು ಕೇಳಿ ಪಾರ್ವತಿಯು ವಿಸ್ಮಯಗೊಂಡಳು. ಚಿಂತೆಗೆ ಕಾರಣವಾದ ಈ ಮಾತನ್ನು ಆ ಶಕ್ತಿಯು ಹೇಳಿದಳು. ॥೪೩॥
5	44	27	translation	ಪಾರ್ವತಿಯು ಹೇಳಿದಳು: “ಭಗವಂತನೇ, ನಿನ್ನ ಈ ಉತ್ತರವೇ ಯೋಗಶಾಂತಿ. ನನ್ನ ಬುದ್ಧಿಯಿಂದ ಅದನ್ನು ಅರ್ಥಮಾಡಿಕೊಳ್ಳಲಾರೆನು. ಆದ್ದರಿಂದ ವಿವರವಾಗಿ ತಿಳಿಸು. ॥೪೪॥
5	45	27	translation	ಬ್ರಹ್ಮವು ಮಾಯಾಮಯವೋ? ಅಥವಾ ಹೇಗಿದೆಯೋ ಹೇಳು. ಮಾಯಾತೀತವಾದದ್ದು ಹೇಗೆ ಸಾಧ್ಯ? ಅದನ್ನು ಚಿತ್ತದಿಂದ ಅರಿಯುವ ವಿಧಾನ ಹೇಳು.” ॥೪೫॥
5	46	27	translation	ಮುದ್ಗಲನು ಹೇಳಿದನು: ‘ಪಾರ್ವತಿಯ ಪ್ರಶ್ನೆಗೆ ಸಂತೋಷಗೊಂಡ ಶಂಭುವು, ಯೋಗವನ್ನು ತಿಳಿದವನಾಗಿ ಅಲ್ಲಿ ಏಕಾಂತದಲ್ಲಿ ಹೇಳಲು ಆರಂಭಿಸಿದನು. ॥೪೬॥
5	47	27	translation	ಯೋಗಮಾರ್ಗದ ಸಿದ್ಧಿಗಾಗಿ ಮಹೇಶ್ವರನು ಮೊದಲು ಮಾಯೆಯ ಆದಿಸ್ವರೂಪವನ್ನು ವಿಸ್ತಾರವಾಗಿ ವಿವರಿಸಿದನು.’” ॥೪೭॥
6	1	28	translation	ಶೌನಕನು ಹೇಳಿದನು: “ಮಹಾಮತಿಯಾದ ಸೂತನೇ, ಎಲ್ಲ ಪ್ರಶ್ನೆಗಳೂ ಇತ್ಯರ್ಥವಾಗುವಂತೆ ಪಾರ್ವತಿಯು ಕೇಳಿದ ಶಿವಸಂವಾದವನ್ನು ನಮಗೆ ಹೇಳು.” ॥೧॥
6	2	28	translation	ಸೂತನು ಹೇಳಿದನು: “ಮುದ್ಗಲನು ದಕ್ಷನಿಗೆ ಶಾಂತಿಯನ್ನು ಕೊಡುವಂತೆ ವಿವರಿಸಿದ, ಶಿವನು ಶಕ್ತಿಗೆ ಹೇಳಿದ ಸಂವಾದವನ್ನು ತಿಳಿಸುವೆನು. ॥೨॥
6	3	28	translation	ಶ್ರೀಶಿವನು ಹೇಳಿದನು: ‘ಮಹಾಭಾಗಳಾದ ದೇವಿಯೇ, ನಿನಗೆ ಸಮಾನಳಿಲ್ಲ. ಮಹಾಪುಣ್ಯದಿಂದ ನಿನ್ನ ಬುದ್ಧಿಯು ಗಣೇಶಜ್ಞಾನವನ್ನು ಪಡೆಯಲು ಉತ್ಸುಕವಾಗಿದೆ. ॥೩॥
6	4	28	translation	ನಿನ್ನ ಶಕ್ತಿಗೆ ಕೋಟಿ ಕೋಟಿ ವಂದನೆಗಳು. ಸ್ತ್ರೀಸ್ವರೂಪದಲ್ಲಿ ಸಾಕ್ಷಾತ್ ಪ್ರಕಾಶಿಸುವ ನೀನೇ ನನ್ನ ಹೃದಯವನ್ನು ಸ್ಪರ್ಶಿಸಿ ಎಲ್ಲಾ ಭೇದಗಳನ್ನು ಕಳೆಯುವಳಾಗಿರುವೆ. ॥೪॥
6	5	28	translation	ಮೊದಲು ಗಣೇಶನಿಗೆ ನಮಸ್ಕರಿಸಿ ಈ ಕಥೆಯನ್ನು ಹೇಳುವೆನು. ಮಾಯಾಮಯವಾದುದನ್ನು ಮೊದಲಿಗೆ ತಿಳಿದು, ಅನಂತರ ಮಾಯಾತೀತವನ್ನು ತಿಳಿ. ॥೫॥
6	6	28	translation	ಯೋಗಿಯು ತನ್ನ ಸ್ವಸ್ವರೂಪವನ್ನು ಸದಾ ತಿಳಿಯಬೇಕು. ವಿಶೇಷ ಸಾಧನೆಯ ಮೂಲಕ ಯೋಗಮಾರ್ಗವು ಎರಡು ವಿಧವಾಗಿದೆ. ॥೬॥
6	7	28	translation	ಮೊದಲಿಗೆ ಬ್ರಹ್ಮವು ಸತ್ ಮತ್ತು ಅಸತ್‌ಗಳಿಲ್ಲದ ಸ್ಥಿತಿಯಲ್ಲಿತ್ತು. ಅದರಾಚೆಗೆ ಯಾವುದೂ ಉಂಟಾಗಿರಲಿಲ್ಲ. ನಂತರ ಎರಡು ಭ್ರಮೆಗಳು ಉಂಟಾದವು. ॥೭॥
6	8	28	translation	ಅದು ತಾನಾಗಿಯೇ ಉಂಟಾದಾಗ “ನಾನಿದ್ದೇನೆ” ಎಂಬ ಭಾವನೆಯಿಂದ ಆಯ್ಕೆ ಮತ್ತು ಭೇದಗಳು ವ್ಯಕ್ತವಾದವು. ॥೮॥
6	9	28	translation	“ನಾನೇ ಸದಾ ಇದ್ದೇನೆ” ಎಂದು ಹೇಳುವ ಪೂರ್ಣಾನಂದಸ್ವರೂಪವು ಸ್ವಭಾವದಿಂದ ಹುಟ್ಟಿತು; ಅದೂ ಶಾಶ್ವತವಾದ ಬ್ರಹ್ಮಸ್ವರೂಪವೇ. ॥೯॥
6	10	28	translation	ತನ್ನ ಸ್ವರೂಪವಾದ ಆ ಪರಮ ಅಹಂಕಾರದಿಂದ “ನಾನು ಯಾರು?” ಎಂಬ ವಿಚಾರ ಉಂಟಾಯಿತು. ॥೧೦॥
6	11	28	translation	ಈ ವಿಚಾರದಲ್ಲಿ ನಾಲ್ಕು ಪದಾರ್ಥಗಳು ಯೋಗರೂಪದಲ್ಲಿ ನೆಲೆಸಿದವು. ಅವುಗಳ ಅಭೇದಸ್ವರೂಪವನ್ನು ಕಂಡು, ಪರಮ ತರ್ಕವನ್ನು ಸಂಪೂರ್ಣವಾಗಿ ಅರಿತುಕೊಂಡಿತು. ॥೧೧॥
6	12	28	translation	ಮಾಯೆಯಿಂದ ವಿಶ್ವಸ್ವರೂಪವು ಹುಟ್ಟಿತು. ಅದರ ನಾನಾ ಮುಖಗಳಲ್ಲಿ ಮೋಹವನ್ನು ಹೊತ್ತ ಬುದ್ಧಿಯು ಇನ್ನೊಂದು ಮಾಯೆಯಾಯಿತು. ॥೧೨॥
6	13	28	translation	ಮೋಹವನ್ನು ಧರಿಸಿದಾಗ ಸ್ವಸ್ವರೂಪವನ್ನು ಮರೆತುಹೋಗುತ್ತದೆ. ಮಾಯೆಯಿಂದ ಬೇರೆಬೇರೆ ಬ್ರಹ್ಮರೂಪಗಳು ಅದರಿಂದ ಹುಟ್ಟಿದವು. ॥೧೩॥
6	14	28	translation	ಸಾಕಾರ ಮತ್ತು ನಿರಾಕಾರಗಳೆಂಬ ಎರಡು ಮಾಯೆಗಳು ಉಂಟಾದವು. ಮಹಾಭಾಗಳಾದ ಬುದ್ಧಿಯ ಮೂಲಕ ಎಲ್ಲವೂ ಪ್ರಕಟವಾಯಿತು. ॥೧೪॥
6	15	28	translation	ಸಾಕಾರ ಮತ್ತು ನಿರಾಕಾರಗಳನ್ನು ಜನರು ಬುದ್ಧಿಯಲ್ಲೇ ಗ್ರಹಿಸುತ್ತಾರೆ. ಬುದ್ಧಿಯನ್ನು ಗ್ರಹಿಸುವವನು ಕ್ಷೇತ್ರಜ್ಞನು; ಬುದ್ಧಿಯೇ ಆ ಕ್ಷೇತ್ರಸ್ವರೂಪ. ॥೧೫॥
6	16	28	translation	ಆಗ ಸಾಕಾರವನ್ನೂ ನಿರಾಕಾರವನ್ನೂ ಪ್ರಭುವು ಸ್ವತಃ ಮೋಹಗೊಳಿಸುತ್ತಾನೆ. ಮೋಹದಿಂದ ಮುಕ್ತವಾಗುವ ಸಿದ್ಧಿಯೂ ಆ ಗುಣಗಳಲ್ಲಿ ನೆಲೆಸಿದೆ. ॥೧೬॥
6	17	28	translation	ಆ ಸಿದ್ಧಿಯು ನಾನಾ ಶಾಂತಿಯನ್ನು ವ್ಯಕ್ತಪಡಿಸುವ ಮೋಕ್ಷಕಾರಿಣಿ. ಬುದ್ಧಿ ಎಲ್ಲೆಡೆಯೂ ಒಂದೇ; ಆದರೆ ಎರಡು ರೀತಿಯಲ್ಲಿ ವರ್ತಿಸುತ್ತದೆ. ॥೧೭॥
6	18	28	translation	ಸಿದ್ಧಿಯಿಂದ ಮೋಹಗೊಂಡ ಬುದ್ಧಿಯು ಗರ್ವಪಡೆದು, ಸಾಕಾರಕ್ಕೆ ಒಳಗಾಗುತ್ತದೆ; ನಿರಾಕಾರದಲ್ಲೂ ಮೋಹಗೊಳ್ಳುತ್ತದೆ. ॥೧೮॥
6	19	28	translation	ಬುದ್ಧಿಯು ಮೋಹಧಾರಕಳು; ಸಿದ್ಧಿಯು ಮೋಹಸಂಚಾರಿಣಿ. ಅವೆರಡನ್ನೂ ಪ್ರಕಾಶಿಸುವವನೇ ಸ್ವತಃ ಗಣೇಶನು. ॥೧೯॥
6	20	28	translation	ಅವನಿಗೆ ಅಂತ್ಯವಿಲ್ಲ; ಅವನು ಹುಟ್ಟಿದವನಲ್ಲ; ತನ್ನ ಸ್ವರೂಪವನ್ನು ಕಾಣುತ್ತಾನೆ. ಹೀಗೆ ಇಬ್ಬರೂ ಅವನನ್ನು ಕಂಡು ವಿಸ್ಮಯಗೊಂಡರು. ॥೨೦॥
6	21	28	translation	ಅವುಗಳನ್ನು ಮೀರಿ ಉಳಿದ ತರ್ಕವು ವಿಸ್ಮಯದಿಂದ ಅಲ್ಲಿಯೇ ನಿಂತಿತು. ಅವುಗಳ ಸಂಯೋಗದಲ್ಲಿ ನಿರಾಕಾರನಾದ ಆತ್ಮನು ಬಂದನು. ॥೨೧॥
6	22	28	translation	ಇವನೇ ಮಾಯೆಯನ್ನು ಹೊತ್ತ, ಮಹಾಬಲಶಾಲಿಯಾದ ಗಣರಾಜ ಪ್ರಭು. ಅವನ ಇಚ್ಛೆಯಿಂದ ಮೂರು ವಿಧದ ಎಲ್ಲವೂ ಚಲಿಸುತ್ತದೆ. ॥೨೨॥
6	23	28	translation	ಪಾರ್ವತಿ, ಮೂರು ವಿಧಗಳು ಒಂದೇ ಭಾವವನ್ನು ಪಡೆದು, ಪೂರ್ಣವಾಗಿ ಮೋಹದಿಂದ ಒಂದೇ ಸ್ವರೂಪವಾಗಿ ಅಲ್ಲಿ ಹೃದಯದಲ್ಲಿ ನೆಲೆಸಿದವು. ॥೨೩॥
6	24	28	translation	ಎರಡು ಆಯ್ಕೆಗಳಿರುವುದರಿಂದ ಎರಡು ದೇಹರೂಪಗಳು ಹುಟ್ಟಿದವು. ವೇದಾದಿಗಳು ಹೇಳುವಂತೆ ಸೋಽಹಂ ಬ್ರಹ್ಮವು ಹೀಗೆ ಆಯಿತು. ॥೨೪॥
6	25	28	translation	ದೇಹವನ್ನು ಧರಿಸಿದ್ದರಿಂದ ಅದರ ಹೆಸರು ದೇಹಿ. ಅಲ್ಲಿನ ದೇಹಸ್ವರೂಪವನ್ನು ಬಿಂದುಮಾತ್ರವೆಂದು ಕರೆಯಲಾಗಿದೆ. ॥೨೫॥
6	26	28,29	translation	ನಾಲ್ಕು ವಿಧದ ದೇಹಗಳ ಪುರಾತನ ಬ್ರಹ್ಮಸ್ವರೂಪವು ಬಹುರೂಪವಾಗಿದೆ; ಅದು ಎಲ್ಲ ರೂಪಗಳ ಆಧಾರವೆಂದು ತಿಳಿ. ॥೨೬॥
6	27	29	translation	ಆ ಬಹುರೂಪ ಮತ್ತು ಬಿಂದುಗಳನ್ನು ಹೊಂದಿದ ಸೋಽಹಂ ಬ್ರಹ್ಮರೂಪವು ತನ್ನ ಕಾರ್ಯಗಳಲ್ಲಿ ನಿರತನಾಗಿ ತನ್ನನ್ನು ಶಾಂತಗೊಳಿಸಿಕೊಂಡಿತು. ॥೨೭॥
6	28	29	translation	ಸುಂದರಿಯೇ, ಅವರು ತಮ್ಮ ಸ್ವರೂಪವನ್ನು ತಿಳಿಯಲು ಘೋರ ತಪಸ್ಸು ಮಾಡಿದರು. ಸಾವಿರ ದಿವ್ಯವರ್ಷಗಳ ಕೊನೆಯಲ್ಲಿ ಗಜಾನನನು ಪ್ರತ್ಯಕ್ಷನಾದನು. ॥೨೮॥
6	29	29	translation	ಅವನು ತನ್ನ ಸುಂದರ ರೂಪದರ್ಶನ ನೀಡಿ, ಸೊಂಡಿಲಿನಿಂದ ಶೋಭಿಸುತ್ತಿದ್ದನು. ಲಂಬೋದರನೂ ನಾಲ್ಕು ಭುಜಗಳುಳ್ಳವನೂ ತ್ರಿನೇತ್ರನೂ ಮಹಾಕರ್ಣನೂ ಆಗಿದ್ದನು. ॥೨೯॥
6	30	29	translation	ಅವನ ದರ್ಶನಮಾತ್ರದಿಂದ ಅವರು ಸಂತುಷ್ಟರಾದರು. ಅವನನ್ನು ಚೆನ್ನಾಗಿ ನೋಡಿ ತಲೆಬಾಗಿದರು; ಸ್ತೋತ್ರವನ್ನು ಹೇಳಲು ಆರಂಭಿಸಿದರು. ॥೩೦॥
6	31	29	mantra	ಪ್ರಕೃತಿಪುರುಷಾವೂಚತುಃ । ನಮಸ್ತೇ ಗಣನಾಥಾಯ ಸ್ವಸಂವೇದ್ಯಮಯಾಯ ತೇ । ನಿರಾಕಾರಸ್ವರೂಪಾ ವೈ ಶುಂಡಾ ಯಸ್ಯ ವಿರಾಜತೇ ॥೩೧॥
6	32	29	mantra	ಯಸ್ಯ ದೇಹಶ್ಚ ಸಾಕಾರಃ ಕಂಠಾಧಃ ಪರಿಕಥ್ಯತೇ । ಅಭೇದ ಏತಯೋರ್ಜಾತಸ್ತ್ವಂ ವೈ ಗಜಾನನ ॥೩೨॥
6	33	29	mantra	ಚತುರ್ವಿಧಂ ನಿಜಾನಂದಾದ್ವೇದೇಷು ಕಥಿತಂ ಭವೇತ್ । ಏಕಮವ್ಯಕ್ತರೂಪಂ ಚ ದ್ವಿತೀಯಂ ಸಮರೂಪಕಮ್ ॥೩೩॥
6	34	29	mantra	ತೃತೀಯಂ ಸತ್ಯರೂಪಂ ಚ ಚತುರ್ಥಂ ಯತ್ಸದಾ ಹ್ಯಸತ್ । ಚತುರ್ಹಸ್ತಸ್ವರೂಪಂ ತೇ ತೇನ ತ್ವಂ ವೈ ಚತುರ್ಭುಜಃ ॥೩೪॥
6	35	29	mantra	ತವೋದರೇ ಸ್ಥಿತಂ ಸರ್ವಂ ತೇನ ಲಂಬೋದರಃ ಸ್ಮೃತಃ । ಮಾಯಾಮಾಯಿಕರೂಪೌ ಚ ದ್ವೌ ಪಾದೌ ದ್ವಿವಿಧೇ ಚ ತೇ ॥೩೫॥
6	36	29	mantra	ಏತೇ ಸರ್ವೇ ಗಣಾ ಹುಂಡೇ ತ್ವದೀಯಾ ನಾತ್ರ ಸಂಶಯಃ । ಗಣನಾಥೋಽಸಿ ತೇನ ತ್ವಂ ನಾನಾರೂಪಧರಃ ಸದಾ ॥೩೬॥
6	37	29	mantra	ಏತಾದೃಶೋ ನಿಜಾತ್ಮಾಸಾವಾವಯೋರ್ಧ್ಯಾನ ಆಗಮೋ । ಸ್ವಸಂವೇದ್ಯತಯಾ ಧ್ಯಾತೋ ಭಕ್ತಾನುಗ್ರಹಕಾರಕಃ ॥೩೭॥
6	38	29	mantra	ಭಕ್ತಾಭಿಮಾನಭಾವೇನ ದೇಹಧಾರೀ ಸ್ವಯಂ ಹ್ಯಭೂತ್ । ಏತೈಶ್ಚ ಲಕ್ಷಣೈರ್ಯುಕ್ತೋ ಗಣೇಶೋ ನಾಮಧಾರಕಃ ॥೩೮॥
6	39	29	mantra	ಧನ್ಯಂ ಸರ್ವಂ ಕೃತಂ ಸ್ವಾಮಿನ್ ಯೇನ ತ್ವಂ ದೇಹವಾನ್ ಭವಃ । ಸ್ವಾನಂದವಾಸಭೃತ್ ಸಾಕ್ಷಾದ್ಹೃದಿ ನಿತ್ಯಂ ಸ್ಥಿರೋ ಭವ ॥೩೯॥
6	40	29	mantra	ನಮಸ್ತೇ ವಿಘ್ನರಾಜಾಯ ನಮಸ್ತೇ ವಿಘ್ನಹಾರಿಣೇ । ಭಕ್ತಾನಾಂ ವೈ ಹ್ಯಭಕ್ತಾನಾಂ ವಿಘ್ನಕರ್ತ್ರೇ ನಮೋಽಸ್ತು ತೇ ॥೪೦॥
6	41	29	mantra	ಕರ್ಮಣಾಂ ಫಲದಾತ್ರೇ ಚ ಜ್ಞಾನಾನಾಂ ಸಿದ್ಧಿದಾಯಿನೇ । ಅಮೇಯಶಕ್ತಯೇ ತುಭ್ಯಂ ಸರ್ವಾಧಾರಾಯ ತೇ ನಮಃ ॥೪೧॥
6	42	29	mantra	ಕಿಂ ಕರ್ತವ್ಯಂ ದಯಾಸಿಂಧೋ ತದೇವಾಜ್ಞಾಪಯ ಪ್ರಭೋ । ತವ ಭಕ್ತಿಂ ಮಹಾತೀವ್ರಾಂ ದೇಹಿ ನೌ ಗಣನಾಯಕ ॥೪೨॥
6	43	29	translation	ಪ್ರಕೃತಿ ಮತ್ತು ಪುರುಷರ ಸ್ತುತಿಯನ್ನು ಕೇಳಿ ಗಣಪತಿಯು ಸಂತೋಷಗೊಂಡನು. ಮಧುರವಾದ ಮಾತಿನಲ್ಲಿ ಹೇಳಿದನು. ॥೪೩॥
6	44	29	translation	ಶ್ರೀಗಣೇಶನು ಹೇಳಿದನು: ‘ಮಹಾಭಾಗರೇ, ನೀವು ಹೇಳಿದ ಈ ಸ್ತೋತ್ರವು ಸಾಧು, ಸಾಧು! ನನಗೆ ಪ್ರಿಯವಾದುದು; ಎಲ್ಲ ಕಾಮನೆಗಳನ್ನು ನೀಡುವುದು. ॥೪೪॥
6	45	29	translation	ಧರ್ಮ, ಅರ್ಥ, ಕಾಮ ಮತ್ತು ಮೋಕ್ಷಗಳನ್ನು, ಪುಷ್ಟಿಯನ್ನು ಕೊಡುವುದು. ನಾಲ್ಕು ಬಗೆಯ ಜೀವಿಗಳಿಗೆ ಕಾರಾಗೃಹದಿಂದ ಬಿಡುಗಡೆಯನ್ನೂ ಕೊಡುವುದು. ॥೪೫॥
6	46	29	translation	ಮಾರಣ, ಉಚ್ಚಾಟನ ಮೊದಲಾದ ಪ್ರಯೋಗಗಳನ್ನು ನಾಶಮಾಡುತ್ತದೆ. ಇಪ್ಪತ್ತೊಂದು ಬಾರಿ ಅಥವಾ ಇಪ್ಪತ್ತೊಂದು ದಿನ ಇದನ್ನು ಪಠಿಸಬೇಕು. ॥೪೬॥
6	47	29	translation	ಇದನ್ನು ಭಕ್ತಿಯಿಂದ ಓದುವವನು ಬಯಸಿದ ಫಲವನ್ನು ಪಡೆಯುವನು. ಬ್ರಹ್ಮಭೂತನಾಗುವುದನ್ನೂ ಇದು ನೀಡುತ್ತದೆ; ಅರಿಯಲು ಬಯಸುವವನು ಬಯಸಿದ್ದನ್ನು ಪಡೆಯುವನು. ॥೪೭॥
6	48	29	translation	ನಿಮ್ಮ ಸ್ತೋತ್ರದಿಂದ ಸಂತುಷ್ಟನಾಗಿದ್ದೇನೆ. ನಿಮ್ಮ ಮೇಲೆ ಪೂರ್ಣಭಕ್ತಿಯನ್ನು ಹೊಂದಿದ್ದೇನೆ. ನೀವು ಬಯಸಿದುದನ್ನೆಲ್ಲ ಕೊಡುವೆನು; ಇಚ್ಛಿಸಿದ ವರವನ್ನು ಹೇಳಿರಿ. ॥೪೮॥
6	49	29	translation	ಬಿಂದುಮಾತ್ರಸ್ವರೂಪದಲ್ಲಿ ಶಾಶ್ವತ ಬ್ರಹ್ಮವು ಇದ್ದುದರಿಂದ, ನಾಲ್ಕು ವಿಧದ ಈ ವಿಶ್ವವು ಪ್ರಕಟವಾಗುವುದು. ॥೪೯॥
6	50	29	translation	ಎಲ್ಲರ ಪ್ರಕೃತಿಯ ಕಾರಣವಾಗಿ ಮೊದಲಿಗೆ ಈ ಸ್ಥಿತಿಯು ಬರುತ್ತದೆ. ಆದ್ದರಿಂದ ಜನರು ನಿನ್ನನ್ನು ಪ್ರಕೃತಿ ಎಂದು ಕರೆಯುವರು. ॥೫೦॥
6	51	29	translation	ನಿನ್ನಿಂದ ಹುಟ್ಟಿದ ನಾಲ್ಕು ಬಗೆಯ ವಿಶ್ವವು ಶಕ್ತಿಹೀನವಾಗುವುದು. ನನ್ನ ಭಕ್ತಿಯ ಆಧಾರದಿಂದ ನೀನು ಖಂಡಿತವಾಗಿ ಅದನ್ನು ಪೋಷಿಸುವೆ. ॥೫೧॥
6	52	30	translation	ಜನರು ನಿನ್ನ ಭಕ್ತಿಯನ್ನು ಮಾಡುವಾಗ, ಅವರನ್ನು ಸಕಾಮ ಮತ್ತು ನಿಷ್ಕಾಮ ಭಾವಕ್ಕೆ ಅನುಗುಣವಾಗಿ ರಕ್ಷಿಸಿ ಅವರಿಗೆ ಎಲ್ಲವನ್ನೂ ಕೊಡುವೆ, ಸುಂದರಿಯೇ. ॥೫೨॥
6	53	30	translation	ಈ ನಾಲ್ಕು ವಿಧಗಳೊಳಗೆ ಸೋಽಹಂ ಬ್ರಹ್ಮವೇ ಇರುವುದರಿಂದ, ಪುರುಷನೇ, ಸೋಽಹಂಮಾತ್ರದ ಸ್ಥಿತಿಯಿಂದ ನೀನು ಎಲ್ಲೆಡೆಯೂ ಅಂತರ್ಗತನಾಗಿರು. ॥೫೩॥
6	54	30	translation	ಅದು ಎಲ್ಲ ವಿಕಾರಗಳಿಂದ ಮುಕ್ತವಾದದ್ದು; ಅಲ್ಲಿ ಶಾಂತವಾಗಿ ಇರುವೆ. ಬಿಂದುಮಯ ಜಗತ್ತನ್ನು ತನ್ನೊಳಗೆ ಹೊತ್ತ ಪ್ರಕೃತಿಯು ಸದಾ ಮೋಹಿತಳಾಗಿರುವಳು. ॥೫೪॥
6	55	30	translation	ಸೋಽಹಂಮಾತ್ರನಾದ ನೀನು ಸದಾ ಆಕೆಯನ್ನು ಮೋಹಪಡಿಸುವೆ. ನನ್ನ ಅನುಗ್ರಹದಿಂದ ನಿತ್ಯವೂ ಸುಖಕೊಡುವ ಬ್ರಹ್ಮರೂಪನಾಗಿರುವೆ. ॥೫೫॥
6	56	30	translation	ಅಲ್ಲಿಯೂ ನನ್ನ ಭಕ್ತಿ ಅಚಲವಾಗಿರುವುದು. ಅದರಿಂದ ನೀನು ಮೋಹಮುಕ್ತನಾಗಿ ಮಾನ್ಯನಾಗುವೆ. ॥೫೬॥
6	57	30	translation	ಜನರು ನಿನ್ನ ಭಕ್ತಿಯನ್ನು ಮಾಡುವರು. ಅವರಿಗೆ ಅವರು ಇಚ್ಛಿಸಿದ ಎಲ್ಲವನ್ನೂ ನಿಸ್ಸಂದೇಹವಾಗಿ ನೀಡುವೆ. ॥೫೭॥
6	58	30	translation	ಬ್ರಹ್ಮಭೂತಪದವನ್ನು ಯೋಗಸೇವೆಯಿಂದ ನೀಡುವೆ. ನೀನು ಸಾಕ್ಷಾತ್ ಪುರುಷರೂಪದಲ್ಲಿ ಎಲ್ಲರ ಆತ್ಮಸ್ವರೂಪನಾಗಿರು. ॥೫೮॥
6	59	30	translation	ಪ್ರಕೃತಿಯು ಭೂಮಿಯನ್ನು ಆಶ್ರಯಿಸಿ ತನ್ನೊಳಗೆ ಎಲ್ಲವನ್ನೂ ಸೃಷ್ಟಿಸುವಳು ಎಂಬುದರಲ್ಲಿ ಸಂಶಯವಿಲ್ಲ. ॥೫೯॥
6	60	30	translation	ಸೃಷ್ಟಿ, ಸ್ಥಿತಿ ಮತ್ತು ಸಂಹಾರವೆಂಬ ಎಲ್ಲ ನಾಲ್ಕು ಬಗೆಯ ಕಾರ್ಯಗಳನ್ನು ಕಾಲಯೋಗದಿಂದ ಸ್ವತಃ ನೀನು ನಡೆಸಬೇಕು. ॥೬೦॥
6	61	30	translation	ನೀನು ಎಲ್ಲ ಪ್ರಕೃತಿಗಳ ಪಿತೃ ಎಂದು ಹೇಳಲ್ಪಡುವೆ. ಜನರು ನಿನಗೆ ಅನೇಕ ರೂಪಗಳಲ್ಲಿ ಹೆಸರುಗಳನ್ನು ಕೊಡುವರು.’ ॥೬೧॥
6	62	30	translation	ಹೀಗೆ ಹೇಳಿ ಗಣರಾಜನು ಅಲ್ಲಿಯೇ ಅಂತರ್ಧಾನನಾದನು. ಪ್ರಕೃತಿಯೂ ಪುರುಷನೂ ಅವನು ಹೇಳಿದಂತೆ ಕಾರ್ಯಗಳನ್ನು ಆರಂಭಿಸಿದರು. ॥೬೨॥
7	1	30	translation	ಪಾರ್ವತಿಯು ಹೇಳಿದಳು: ‘ನೀನು ಹೇಳಿದ ಅಮೃತದಂತಿರುವುದನ್ನು ಕೇಳಿ ಎಲ್ಲ ಸಂಶಯಗಳೂ ಪರಿಹಾರವಾದವು. ಸ್ವಾಮಿಯೇ, ಗಣರಾಜನ ಮಹಾಚರಿತ್ರೆಯನ್ನು ಮತ್ತೆ ವಿವರವಾಗಿ ಹೇಳು. ॥೧॥
7	2	30	translation	ಅವನ ಕಥೆ ಮತ್ತು ರಹಸ್ಯವು ಖಂಡಿತವಾಗಿ ಅದೇ ತತ್ತ್ವ. ಅದನ್ನು ಕೇಳಿ ನಾನು ಭಕ್ತಿಯಿಂದ ಪಾಪರಹಿತಳಾದೆನು. ॥೨॥
7	3	30	translation	ಗಣೇಶನು ತನ್ನ ಇಚ್ಛೆಯಿಂದ ನಿಜಾನಂದದಲ್ಲಿ ಅಂತರ್ಧಾನಗೊಂಡ ನಂತರ, ಪ್ರಕೃತಿಯೂ ಪುರುಷನೂ ಸೃಷ್ಟಿಯನ್ನು ಹೇಗೆ ಆರಂಭಿಸಿದರು?’ ॥೩॥
7	4	30	translation	ಮುದ್ಗಲನು ಹೇಳಿದನು: ‘ಪಾರ್ವತಿಯ ಮಾತುಗಳನ್ನು ಕೇಳಿದ ಶಂಕರನು ಸಂತೋಷಪಟ್ಟನು. ರಮ್ಯವೂ ಪಾವನವೂ ಕಥಾರಸದಿಂದ ತುಂಬಿದ ಮಾತನ್ನು ಹೇಳಿದನು. ॥೪॥
7	5	30	translation	ಶಂಕರನು ಹೇಳಿದನು: “ದೇವಿಯೇ, ಗಣನಾಥನ ಶುಭಕಥೆಯನ್ನು ಹೇಳುವೆನು. ಅದನ್ನು ಶ್ರದ್ಧೆಯಿಂದ ಕೇಳಿದರೆ ಎಲ್ಲಾ ವಿಘ್ನಗಳನ್ನೂ ನಾಶಮಾಡುವುದು. ॥೫॥
7	6	30	translation	ಗಣೇಶನು ಅಂತರ್ಧಾನಗೊಂಡ ಬಳಿಕ ಪ್ರಕೃತಿಯೂ ಪುರುಷನೂ ತಪಸ್ಸಿನಿಂದ ಪೂಜಿಸಿದ ಗಣಪತಿಯು ಕ್ಷಣಮಾತ್ರದಲ್ಲಿ ಅವರನ್ನು ಮೋಹಗೊಳಿಸಿದನು. ॥೬॥
7	7	30	translation-partial	ತಪಸ್ಸಿನ ವರದಿಂದ ಆ ಪ್ರಕೃತಿ ಅನೇಕ ಅರ್ಥಗಳನ್ನು ನೀಡುವ ನಾನಾ ರೂಪಗಳನ್ನು ಪಡೆದಳು. ಅವಳನ್ನು ವಿವಿಧ ರೂಪಗಳಲ್ಲಿ ಕಂಡು ಪುರುಷನು…
