source_page	khanda	chapter	title	original_pages
3	ಪೂರ್ವ ಖಂಡ	4	ಮಧುಕೈಟಭರ ವಧೆ	8-11
3	ಪೂರ್ವ ಖಂಡ	5	ಸಾಯುಜ್ಯಪದದ ಪ್ರದಾನ	11-13
3	ಪೂರ್ವ ಖಂಡ	6	ದಕ್ಷನ ಕನ್ಯಾವಂಶದ ವರ್ಣನೆ	14-16
3	ಪೂರ್ವ ಖಂಡ	7	ಮೋಹ ಮತ್ತು ಮೋಕ್ಷದ ವರ್ಣನೆ	16-18
3	ಪೂರ್ವ ಖಂಡ	8	ದತ್ತನ ಚರಿತ್ರೆ	18-22
3	ಪೂರ್ವ ಖಂಡ	9	ಪ್ರಿಯವ್ರತನ ರಾಜ್ಯಪ್ರಾಪ್ತಿಯ ವರ್ಣನೆ	22-24
3	ಪೂರ್ವ ಖಂಡ	10	ದ್ವೀಪಗಳ ವರ್ಣನೆ	24-26
3	ಪೂರ್ವ ಖಂಡ	11	ಭೂಗೋಳದ ವರ್ಣನೆ	26-28
3	ಪೂರ್ವ ಖಂಡ	12	ಸೂರ್ಯಮಂಡಲದ ವರ್ಣನೆ	28-30
3	ಪೂರ್ವ ಖಂಡ	13	ನವಗ್ರಹಗಳ ಪ್ರಾಪ್ತಿಯ ವರ್ಣನೆ	30-31
3	ಪೂರ್ವ ಖಂಡ	14	ಮೇಲಿನ ಲೋಕಗಳ ವರ್ಣನೆ	32-33
3	ಪೂರ್ವ ಖಂಡ	15	ಏಳು ಪಾತಾಳಗಳ ವರ್ಣನೆ	33-35
3	ಪೂರ್ವ ಖಂಡ	16	ಋಷಭನ ಚರಿತ್ರೆಯ ವರ್ಣನೆ	35-37
3	ಪೂರ್ವ ಖಂಡ	17	ಪುಲಹನ ಉಪದೇಶದ ವರ್ಣನೆ	38-40
3	ಪೂರ್ವ ಖಂಡ	18	ಭರತನು ಮೃಗದೇಹವನ್ನು ತ್ಯಜಿಸಿದ್ದು	40-41
3	ಪೂರ್ವ ಖಂಡ	19	ಚೋರರ ವಧೆ	42-43
3	ಪೂರ್ವ ಖಂಡ	20	ಜಡಭರತನು ಬ್ರಾಹ್ಮಣನಾಗಿ ವರ್ತಿಸಿದ್ದು	43-45
3	ಪೂರ್ವ ಖಂಡ	21	ರಹೂಗಣನ ಸಿದ್ಧಿಪ್ರಾಪ್ತಿಯ ವರ್ಣನೆ	45-46
3	ಪೂರ್ವ ಖಂಡ	22	ಜಡಭರತನ ಚರಿತ್ರೆ	46-47
3	ಪೂರ್ವ ಖಂಡ	23	ಧ್ರುವನ ಚರಿತ್ರೆ	48-49
3	ಪೂರ್ವ ಖಂಡ	24	ಧ್ರುವನಿಗೆ ಉಪದೇಶದ ವರ್ಣನೆ	49-51
3	ಪೂರ್ವ ಖಂಡ	25	ಧ್ರುವನ ಚರಿತ್ರೆ	51-54
3	ಪೂರ್ವ ಖಂಡ	26	ಪ್ರಾಚೀನಬರ್ಹಿಷನ ಚರಿತ್ರೆ	54-56
3	ಪೂರ್ವ ಖಂಡ	27	ಪ್ರಚೇತಸರ ಚರಿತ್ರೆ	56-57
3	ಪೂರ್ವ ಖಂಡ	28	ಕಶ್ಯಪನ ಸ್ತುತಿಯ ವರ್ಣನೆ	58-59
3	ಪೂರ್ವ ಖಂಡ	29	ವಸಿಷ್ಠನಿಗೆ ಉಪದೇಶದ ವರ್ಣನೆ	60-62
3	ಪೂರ್ವ ಖಂಡ	30	ಪರಾಶರನಿಗೆ ವರಪ್ರದಾನ	62-63
3	ಪೂರ್ವ ಖಂಡ	31	ಪರಾಶರನ ಪುತ್ರೋತ್ಪತ್ತಿಯ ಕಥನ	64-66
3	ಪೂರ್ವ ಖಂಡ	32	ಗಜಾಸುರನ ಸೇನೆಯ ವಧೆ	66-68
3	ಪೂರ್ವ ಖಂಡ	33	ಗಜಾಸುರವಧೆಯ ಆಖ್ಯಾನ	69-72
3	ಪೂರ್ವ ಖಂಡ	34	ವ್ಯಾಸನ ಮಾಹಾತ್ಮ್ಯ	72-73
3	ಪೂರ್ವ ಖಂಡ	35	ಶುಕನ ಆಖ್ಯಾನ	73-75
3	ಪೂರ್ವ ಖಂಡ	36	ಗೌತಮನ ಚರಿತ್ರೆ	75-79
3	ಪೂರ್ವ ಖಂಡ	37	ನೃಸಿಂಹನ ಮಾಹಾತ್ಮ್ಯ	79-80
3	ಪೂರ್ವ ಖಂಡ	38	ವಾರಾಹನ ಮಾಹಾತ್ಮ್ಯ	81-81
3	ಪೂರ್ವ ಖಂಡ	39	ಚ್ಯವನನ ಉತ್ಪತ್ತಿಯ ಕಥನ	82-84
3	ಪೂರ್ವ ಖಂಡ	40	ಅಗ್ನಿಯ ಮಾಹಾತ್ಮ್ಯ	84-86
3	ಪೂರ್ವ ಖಂಡ	41	ಚ್ಯವನನ ತಪಸ್ಸಿನ ವರ್ಣನೆ	86-88
3	ಪೂರ್ವ ಖಂಡ	42	ಭೃಗುವಿನ ಚರಿತ್ರೆ	89-91
3	ಪೂರ್ವ ಖಂಡ	43	ಚ್ಯವನನ ಮಾಹಾತ್ಮ್ಯ	92-92
3	ಪೂರ್ವ ಖಂಡ	44	ಮದಾಸುರನ ರಾಜ್ಯಾಭಿಷೇಕ	93-94
3	ಪೂರ್ವ ಖಂಡ	45	ಮದಾಸುರನ ಸ್ವರ್ಗವಿಜಯ	95-96
3	ಪೂರ್ವ ಖಂಡ	46	ತಾರಕಾಸುರನ ಸಾಮದ ವರ್ಣನೆ	97-98
3	ಪೂರ್ವ ಖಂಡ	47	ಇಂದ್ರ ಮತ್ತು ತಾರಕನ ಭೇಟಿಯು	99-101
3	ಪೂರ್ವ ಖಂಡ	48	ಇಂದ್ರನ ಸೋಲು	102-103
3	ಪೂರ್ವ ಖಂಡ	49	ಶಿವ ಮೊದಲಾದವರ ಸೋಲು	103-105
3	ಪೂರ್ವ ಖಂಡ	50	ಮದಾಸುರನ ವಿಜಯ	105-107
3	ಪೂರ್ವ ಖಂಡ	51	ಸನತ್ಕುಮಾರ ಮತ್ತು ದೇವತೆಗಳ ಭೇಟಿಯು	107-108
3	ಪೂರ್ವ ಖಂಡ	52	ಏಕದಂತನ ಪ್ರಾದುರ್ಭಾವ	109-110
3	ಪೂರ್ವ ಖಂಡ	53	ಮದಾಸುರನ ಸೋಲು	111-113
3	ಪೂರ್ವ ಖಂಡ	54	ಮದಾಸುರನ ಶಾಂತಿಪ್ರಾಪ್ತಿಯ ವರ್ಣನೆ	113-114
3	ಪೂರ್ವ ಖಂಡ	55	ಮದಾಸುರನ ಚರಿತ್ರೆಯ ಸಮಾಪ್ತಿ	114-116
3	ಪೂರ್ವ ಖಂಡ	56	ವಿನಾಯಕನು ಕಾಶಿಯನ್ನು ಪ್ರವೇಶಿಸಿದ್ದು	117-119
3	ಪೂರ್ವ ಖಂಡ	57	ಶುಂಡೀಭಕ್ತಿಯ ವರ್ಣನೆ	119-122
3	ಪೂರ್ವ ಖಂಡ	58	ಯಮಶಾಪದ ವರ್ಣನೆ	122-124
3	ಪೂರ್ವ ಖಂಡ	59	ಢುಂಢಿಸಂಭವನ ಚರಿತ್ರೆ	124-126
3	ಪೂರ್ವ ಖಂಡ	60	ಶುಂಡಿಯ ಬ್ರಾಹ್ಮಣಜನ್ಮದ ವರ್ಣನೆ	126-129
3	ಪೂರ್ವ ಖಂಡ	61	ಶುಂಡಿಯ ಚರಿತ್ರೆ	129-129
3	ಪೂರ್ವ ಖಂಡ	62	ವಿನಾಯಕನ ಚರಿತ್ರೆ	130-132
3	ಪೂರ್ವ ಖಂಡ	63	ಶನಿಯ ಭೇಟಿಯು	132-134
3	ಪೂರ್ವ ಖಂಡ	64	ವಿಷ್ಣು ಮೊದಲಾದವರ ವರ್ಣನೆ	134-136
3	ಪೂರ್ವ ಖಂಡ	65	ಪುಷ್ಟಿಪತಿಯ ಆಖ್ಯಾನದಲ್ಲಿ ಅನಾಸಕ್ತನ ದ್ರವ್ಯಯತ್ನ	136-138
3	ಪೂರ್ವ ಖಂಡ	66	ಕೃಷ್ಣ ಮತ್ತು ರಾಧೆಯ ಶಾಪದ ವರ್ಣನೆ	138-141
3	ಪೂರ್ವ ಖಂಡ	67	ರಾಧಾಕೃಷ್ಣರ ಗೋಲೋಕಪ್ರಾಪ್ತಿಯ ವರ್ಣನೆ	141-143
3	ಪೂರ್ವ ಖಂಡ	68	ಪುಷ್ಟಿಪತಿಯ ಚರಿತ್ರೆ	143-144
4	ಪೂರ್ವ ಖಂಡ	69	ದೇವಹೂತಿ ಮತ್ತು ಕರ್ದಮರ ಶಾಂತಿಪ್ರಾಪ್ತಿಯ ವರ್ಣನೆ	144-146
4	ಪೂರ್ವ ಖಂಡ	70	ಚಿಂತಾಮಣಿಯ ಹರಣ	147-148
4	ಪೂರ್ವ ಖಂಡ	71	ಕಪಿಲನ ವರಪ್ರದಾನ	149-151
4	ಪೂರ್ವ ಖಂಡ	72	ಗಣಾಸುರನ ವಧೆ	151-153
4	ಪೂರ್ವ ಖಂಡ	73	ಗೃತ್ಸಮದ ಮತ್ತು ಮದಾಸುರರ ಸಂವಾದದ ಸಮಾಪ್ತಿ	153-155
4	ಪೂರ್ವ ಖಂಡ	74	ಚರಿತ್ರೆಯ ಮಾಹಾತ್ಮ್ಯ	155-156
4	3 ಮಹೋದರ ಚರಿತ್ರೆ	1	ರವಿಯು ಬಾಲಖಿಲ್ಯರಿಂದ ಶಾಪವನ್ನು ಪಡೆದದ್ದು	1-2
4	3 ಮಹೋದರ ಚರಿತ್ರೆ	2	ಸೂರ್ಯನಿಗೆ ಜೀವದಾನ	2-5
4	3 ಮಹೋದರ ಚರಿತ್ರೆ	3	ಸೂರ್ಯನ ವರಪ್ರದಾನ	5-7
4	3 ಮಹೋದರ ಚರಿತ್ರೆ	4	ಕಾಮನ ಚರಿತ್ರೆ	8-10
4	3 ಮಹೋದರ ಚರಿತ್ರೆ	5	ಸ್ಕಂದನ ಮಾಹಾತ್ಮ್ಯ	10-13
4	3 ಮಹೋದರ ಚರಿತ್ರೆ	6	ಮೋಹಾಸುರನ ರಾಜ್ಯಾಭಿಷೇಕದ ವರ್ಣನೆ	13-14
4	3 ಮಹೋದರ ಚರಿತ್ರೆ	7	ಮೋಹಾಸುರನ ವಿಜಯದ ವರ್ಣನೆ	15-16
4	3 ಮಹೋದರ ಚರಿತ್ರೆ	8	ದೇವರ್ಷಿಗಳ ವರಪ್ರದಾನ	17-18
4	3 ಮಹೋದರ ಚರಿತ್ರೆ	9	ಮೋಹಾಸುರನಿಗೆ ಜ್ಞಾನಪ್ರದಾನ	19-21
4	3 ಮಹೋದರ ಚರಿತ್ರೆ	10	ಮೋಹಾಸುರನ ಶಾಂತಿಯ ವರ್ಣನೆ	21-23
4	3 ಮಹೋದರ ಚರಿತ್ರೆ	11	ಮಹೋದರನ ಅವತಾರದ ವರ್ಣನೆ	23-25
4	3 ಮಹೋದರ ಚರಿತ್ರೆ	12	ನರನಾರಾಯಣ ಮತ್ತು ವಿಷ್ಣುವಿನ ಸಂವಾದ	25-27
4	3 ಮಹೋದರ ಚರಿತ್ರೆ	13	ನರನಾರಾಯಣ ಮತ್ತು ಮಾರ್ಕಂಡೇಯರ ಭೇಟಿಯು	27-29
4	3 ಮಹೋದರ ಚರಿತ್ರೆ	14	ಮಾಯೆಯ ವರ್ಣನೆ	29-30
4	3 ಮಹೋದರ ಚರಿತ್ರೆ	15	ಕಾಲಗತಿಯ ವರ್ಣನೆ	30-32
4	3 ಮಹೋದರ ಚರಿತ್ರೆ	16	ಯುಗಧರ್ಮಗಳ ವರ್ಣನೆ	32-33
4	3 ಮಹೋದರ ಚರಿತ್ರೆ	17	ಕಲಿಯುಗದ ವರ್ಣನೆ	34-36
4	3 ಮಹೋದರ ಚರಿತ್ರೆ	18	ಬ್ರಹ್ಮಚರ್ಯಾಶ್ರಮದ ವರ್ಣನೆ	36-37
4	3 ಮಹೋದರ ಚರಿತ್ರೆ	19	ಆಶ್ರಮಧರ್ಮಗಳ ವರ್ಣನೆ	38-40
4	3 ಮಹೋದರ ಚರಿತ್ರೆ	20	ವರ್ಣಧರ್ಮಗಳ ವಿವರಣೆ	40-43
4	3 ಮಹೋದರ ಚರಿತ್ರೆ	21	ದೇವತೆಗಳು ಮತ್ತು ಪಿತೃಗಳ ಧರ್ಮಗಳ ವರ್ಣನೆ	43-43
4	3 ಮಹೋದರ ಚರಿತ್ರೆ	22	ಮಾಂಧಾತೃವಿನ ಚರಿತ್ರೆ	44-46
4	3 ಮಹೋದರ ಚರಿತ್ರೆ	23	ಅಂಬರೀಷನ ಚರಿತ್ರೆ	46-47
4	3 ಮಹೋದರ ಚರಿತ್ರೆ	24	ಮುಚುಕುಂದನ ಚರಿತ್ರೆ	48-49
4	3 ಮಹೋದರ ಚರಿತ್ರೆ	25	ಸಗರ ಮತ್ತು ಭಗೀರಥರ ಚರಿತ್ರೆ	49-51
4	3 ಮಹೋದರ ಚರಿತ್ರೆ	26	ರಾಮಚಂದ್ರನ ಚರಿತ್ರೆ	51-56
4	3 ಮಹೋದರ ಚರಿತ್ರೆ	27	ಸೂರ್ಯ ಮತ್ತು ಬಾಲಖಿಲ್ಯರ ಸಂವಾದದ ಸಮಾಪ್ತಿ	56-59
4	3 ಮಹೋದರ ಚರಿತ್ರೆ	28	ಬುಧನ ಉತ್ಪತ್ತಿಯ ವರ್ಣನೆ	59-61
4	3 ಮಹೋದರ ಚರಿತ್ರೆ	29	ಪುರೂರವಸ್ಸಿನ ಜನ್ಮಕಥನ	61-63
4	3 ಮಹೋದರ ಚರಿತ್ರೆ	30	ನಹುಷನ ಚರಿತ್ರೆ	63-66
4	3 ಮಹೋದರ ಚರಿತ್ರೆ	31	ಯಯಾತಿಯ ಚರಿತ್ರೆ	67-70
4	3 ಮಹೋದರ ಚರಿತ್ರೆ	32	ಧನಕನ ವ್ರತೋಪದೇಶ	70-72
4	3 ಮಹೋದರ ಚರಿತ್ರೆ	33	ಕೃತವೀರ್ಯನ ತಪಸ್ಸಿನ ವರ್ಣನೆ	73-74
4	3 ಮಹೋದರ ಚರಿತ್ರೆ	34	ಕೃತವೀರ್ಯನ ಚರಿತ್ರೆ	74-76
4	3 ಮಹೋದರ ಚರಿತ್ರೆ	35	ಸಹಸ್ರಾರ್ಜುನನ ಜನನ	77-79
4	3 ಮಹೋದರ ಚರಿತ್ರೆ	36	ರೇಣುಕಾ ಮತ್ತು ಜಮದಗ್ನಿಗೆ ಜೀವಪ್ರದಾನ	79-81
4	3 ಮಹೋದರ ಚರಿತ್ರೆ	37	ಪರಶುರಾಮನ ಚರಿತ್ರೆಯ ಕಥನ	81-84
4	3 ಮಹೋದರ ಚರಿತ್ರೆ	38	ಹರಿವಂಶದ ವರ್ಣನೆ	84-86
4	3 ಮಹೋದರ ಚರಿತ್ರೆ	39	ವಿಷ್ಣುವಿನ ದೇಹಧಾರಣೆಯ ವರ್ಣನೆ	86-88
4	3 ಮಹೋದರ ಚರಿತ್ರೆ	40	ಮಾಂಡವ್ಯನ ಚರಿತ್ರೆ	88-90
4	3 ಮಹೋದರ ಚರಿತ್ರೆ	41	ಯುಧಿಷ್ಠಿರ ಮತ್ತು ಕೃಷ್ಣರ ಭೇಟಿಯು	91-92
4	3 ಮಹೋದರ ಚರಿತ್ರೆ	42	ಲಕ್ಷ್ಮೀನಾರಾಯಣರ ಸಂವಾದದ ವರ್ಣನೆ	92-93
4	3 ಮಹೋದರ ಚರಿತ್ರೆ	43	ಮಹಾಲಕ್ಷ್ಮಿಯ ವರಪ್ರದಾನದ ವರ್ಣನೆ	94-96
4	3 ಮಹೋದರ ಚರಿತ್ರೆ	44	ಜ್ಞಾನಾರಿಯ ವಂಶಪ್ರಾಪ್ತಿಯ ವರ್ಣನೆ	96-97
4	3 ಮಹೋದರ ಚರಿತ್ರೆ	45	ಪೂರ್ಣಾನಂದನ ಅವತಾರದ ವರ್ಣನೆ	97-98
4	3 ಮಹೋದರ ಚರಿತ್ರೆ	46	ಬ್ರಹ್ಮಯಜ್ಞದ ವರ್ಣನೆ	99-101
4	3 ಮಹೋದರ ಚರಿತ್ರೆ	47	ಬ್ರಹ್ಮಯಜ್ಞದಲ್ಲಿ ವೇದನಿರ್ಣಯದ ವರ್ಣನೆ	101-104
4	3 ಮಹೋದರ ಚರಿತ್ರೆ	48	ಶುಕಶಿಷ್ಯ ಮತ್ತು ಸೂತನ ಸಂವಾದ	104-106
4	3 ಮಹೋದರ ಚರಿತ್ರೆ	49	ಸುಧೀಭಕ್ತಿಯ ವರ್ಣನೆ	106-108
4	3 ಮಹೋದರ ಚರಿತ್ರೆ	50	ಯುಧಿಷ್ಠಿರನ ಚರಿತ್ರೆ	108-110
4	3 ಮಹೋದರ ಚರಿತ್ರೆ	51	ಶ್ರವಣಫಲದ ವರ್ಣನೆ	111-112
4	4 ಗಜಾನನ ಚರಿತ್ರೆ	1	ಚತುರ್ಥಿ ತಪಸ್ಸಿನ ವರ್ಣನೆ	1-3
4	4 ಗಜಾನನ ಚರಿತ್ರೆ	2	ಶುಕ್ಲಕೃಷ್ಣ ಚತುರ್ಥಿಗಳ ವರಪ್ರದಾನದ ವರ್ಣನೆ	3-5
4	4 ಗಜಾನನ ಚರಿತ್ರೆ	3	ವ್ರತಿಯ ಪ್ರತಿಪದಾದಿ ವ್ರತಗಳ ವರ್ಣನೆ	6-7
4	4 ಗಜಾನನ ಚರಿತ್ರೆ	4	ದಶರಥನ ವ್ರತೋಪದೇಶ	8-9
4	4 ಗಜಾನನ ಚರಿತ್ರೆ	5	ಚತುರ್ಥಿ ವಿವೇಕದ ವರ್ಣನೆ	9-10
5	4 ಗಜಾನನ ಚರಿತ್ರೆ	6	ಚಂದ್ರದರ್ಶನದ ದೋಷನಿವಾರಣೆಯ ಚರಿತ್ರೆ	11-20
5	4 ಗಜಾನನ ಚರಿತ್ರೆ	7	ಭಾದ್ರಪದ ಶುಕ್ಲಚತುರ್ಥಿ ವ್ರತದ ವರ್ಣನೆ	20-24
5	4 ಗಜಾನನ ಚರಿತ್ರೆ	8	ಶುಕ್ಲ ಆಶ್ವಿನಚತುರ್ಥಿ ವ್ರತದ ವರ್ಣನೆ	24-27
5	4 ಗಜಾನನ ಚರಿತ್ರೆ	9	ಕಾರ್ತಿಕ ಶುಕ್ಲಚತುರ್ಥಿ ವ್ರತದ ವರ್ಣನೆ	27-30
5	4 ಗಜಾನನ ಚರಿತ್ರೆ	10	ಮಾರ್ಗಶೀರ್ಷ ಶುಕ್ಲಚತುರ್ಥಿ ವ್ರತದ ವರ್ಣನೆ	31-32
5	4 ಗಜಾನನ ಚರಿತ್ರೆ	11	ಪೌಷ ಶುಕ್ಲಚತುರ್ಥಿಯ ಮಾಹಾತ್ಮ್ಯದ ವರ್ಣನೆ	32-36
5	4 ಗಜಾನನ ಚರಿತ್ರೆ	12	ಮಾಘ ಶುಕ್ಲಚತುರ್ಥಿಯ ಮಾಹಾತ್ಮ್ಯದ ವರ್ಣನೆ	36-38
5	4 ಗಜಾನನ ಚರಿತ್ರೆ	13	ಫಾಲ್ಗುನ ಶುಕ್ಲಚತುರ್ಥಿಯ ಚರಿತ್ರೆಯ ವರ್ಣನೆ	39-41
5	4 ಗಜಾನನ ಚರಿತ್ರೆ	14	ಚೈತ್ರ ಶುಕ್ಲಚತುರ್ಥಿ ವ್ರತದ ವರ್ಣನೆ	41-44
5	4 ಗಜಾನನ ಚರಿತ್ರೆ	15	ವೈಶಾಖ ಶುಕ್ಲಚತುರ್ಥಿಯ ಮಾಹಾತ್ಮ್ಯದ ವರ್ಣನೆ	44-47
5	4 ಗಜಾನನ ಚರಿತ್ರೆ	16	ಜ್ಯೇಷ್ಠ ಶುಕ್ಲಚತುರ್ಥಿಯ ಮಾಹಾತ್ಮ್ಯದ ವರ್ಣನೆ	47-49
5	4 ಗಜಾನನ ಚರಿತ್ರೆ	17	ಆಷಾಢ ಶುಕ್ಲಚತುರ್ಥಿಯ ಚರಿತ್ರೆಯ ವರ್ಣನೆ	50-52
5	4 ಗಜಾನನ ಚರಿತ್ರೆ	18	ಶ್ರಾವಣ ಶುಕ್ಲಚತುರ್ಥಿ ವ್ರತದ ಕಥನ	52-55
5	4 ಗಜಾನನ ಚರಿತ್ರೆ	19	ಮಲಮಾಸದ ಶುಕ್ಲಚತುರ್ಥಿಯ ಚರಿತ್ರೆಯ ವರ್ಣನೆ	55-57
5	4 ಗಜಾನನ ಚರಿತ್ರೆ	20	ಮಾಘ ಕೃಷ್ಣಚತುರ್ಥಿಯ ಮಾಹಾತ್ಮ್ಯದ ವರ್ಣನೆ	57-61
5	4 ಗಜಾನನ ಚರಿತ್ರೆ	21	ಫಾಲ್ಗುನ ಕೃಷ್ಣಚತುರ್ಥಿಯ ವರ್ಣನೆ	61-63
5	4 ಗಜಾನನ ಚರಿತ್ರೆ	22	ಚೈತ್ರ ಕೃಷ್ಣಚತುರ್ಥಿಯ ಚರಿತ್ರೆಯ ವರ್ಣನೆ	63-65
5	4 ಗಜಾನನ ಚರಿತ್ರೆ	23	ವೈಶಾಖ ಕೃಷ್ಣಚತುರ್ಥಿಯ ಚರಿತ್ರೆಯ ವರ್ಣನೆ	65-67
5	4 ಗಜಾನನ ಚರಿತ್ರೆ	24	ಜ್ಯೇಷ್ಠ ಕೃಷ್ಣಚತುರ್ಥಿಯ ವರ್ಣನೆ	68-70
5	4 ಗಜಾನನ ಚರಿತ್ರೆ	25	ಆಷಾಢ ಕೃಷ್ಣಚತುರ್ಥಿಯ ವರ್ಣನೆ	70-72
5	4 ಗಜಾನನ ಚರಿತ್ರೆ	26	ಶ್ರಾವಣ ಕೃಷ್ಣಚತುರ್ಥಿಯ ಮಾಹಾತ್ಮ್ಯದ ವರ್ಣನೆ	72-74
5	4 ಗಜಾನನ ಚರಿತ್ರೆ	27	ಭಾದ್ರಪದ ಕೃಷ್ಣಚತುರ್ಥಿಯ ಮಾಹಾತ್ಮ್ಯದ ವರ್ಣನೆ	75-77
5	4 ಗಜಾನನ ಚರಿತ್ರೆ	28	ಆಶ್ವಿನ ಕೃಷ್ಣಚತುರ್ಥಿಯ ಮಾಹಾತ್ಮ್ಯದ ವರ್ಣನೆ	78-80
5	4 ಗಜಾನನ ಚರಿತ್ರೆ	29	ಕಾರ್ತಿಕ ಕೃಷ್ಣಚತುರ್ಥಿಯ ಮಾಹಾತ್ಮ್ಯದ ವರ್ಣನೆ	80-83
5	4 ಗಜಾನನ ಚರಿತ್ರೆ	30	ಮಾರ್ಗಶೀರ್ಷ ಕೃಷ್ಣಚತುರ್ಥಿಯ ಮಾಹಾತ್ಮ್ಯದ ವರ್ಣನೆ	83-85
5	4 ಗಜಾನನ ಚರಿತ್ರೆ	31	ಪೌಷ ಕೃಷ್ಣಚತುರ್ಥಿಯ ಮಾಹಾತ್ಮ್ಯದ ವರ್ಣನೆ	85-87
5	4 ಗಜಾನನ ಚರಿತ್ರೆ	32	ಮಲಮಾಸದ ಕೃಷ್ಣಪಕ್ಷ ಚತುರ್ಥಿಯ ವರ್ಣನೆ	88-90
5	4 ಗಜಾನನ ಚರಿತ್ರೆ	33	ಶಮೀಮೂಲದಲ್ಲಿ ಚತುರ್ಥಿವ್ರತಾಚರಣೆಯ ವರ್ಣನೆ	90-91
5	4 ಗಜಾನನ ಚರಿತ್ರೆ	34	ವಸಿಷ್ಠ ಮತ್ತು ರಾಜನ ಸಂವಾದದ ಸಮಾಪ್ತಿ	92-93
5	4 ಗಜಾನನ ಚರಿತ್ರೆ	35	ಚತುರ್ಥಿ ಉದ್ಯಾಪನೆಯ ನಿರೂಪಣೆ	93-94
5	4 ಗಜಾನನ ಚರಿತ್ರೆ	36	ಲೋಭಾಸುರನ ವರಪ್ರಾಪ್ತಿಯ ವರ್ಣನೆ	94-96
5	4 ಗಜಾನನ ಚರಿತ್ರೆ	37	ಲೋಭಾಸುರನ ಸೈನ್ಯಪ್ರಾಪ್ತಿಯ ವರ್ಣನೆ	96-98
5	4 ಗಜಾನನ ಚರಿತ್ರೆ	38	ವಿಷ್ಣುವಿನ ಸೋಲು	98-100
5	4 ಗಜಾನನ ಚರಿತ್ರೆ	39	ಲೋಭಾಸುರನ ಬ್ರಹ್ಮಾಂಡವಿಜಯ	100-102
5	4 ಗಜಾನನ ಚರಿತ್ರೆ	40	ಗಜಾನನನ ಪ್ರಾದುರ್ಭಾವ	102-104
5	4 ಗಜಾನನ ಚರಿತ್ರೆ	41	ಶುಕನ ಉಪದೇಶದ ವರ್ಣನೆ	104-107
5	4 ಗಜಾನನ ಚರಿತ್ರೆ	42	ಲೋಭಾಸುರನ ಶಾಂತಿಯ ವರ್ಣನೆ	107-108
5	4 ಗಜಾನನ ಚರಿತ್ರೆ	43	ದೇವತೆಗಳು ಮತ್ತು ಮುನಿಗಳು ಮಾಡಿದ ಸ್ತುತಿಯ ವರ್ಣನೆ	109-111
5	4 ಗಜಾನನ ಚರಿತ್ರೆ	44	ಸಿದ್ಧ ಮತ್ತು ಶಿವನ ಭೇಟಿಯು	111-113
5	4 ಗಜಾನನ ಚರಿತ್ರೆ	45	ಶಿವವಿಚಾರಣೆಯ ಪ್ರಸ್ತಾವನೆ	113-115
5	4 ಗಜಾನನ ಚರಿತ್ರೆ	46	ಶಕ್ತಿಕಮಲದ ಮಾಹಾತ್ಮ್ಯದ ವರ್ಣನೆ	115-117
5	4 ಗಜಾನನ ಚರಿತ್ರೆ	47	ಗಣೇಶಭಕ್ತಿಯ ಅಧೀನತೆಯ ವರ್ಣನೆ	117-120
5	4 ಗಜಾನನ ಚರಿತ್ರೆ	48	ಸಿಂಧುವಿನ ವಧೆ	120-122
5	4 ಗಜಾನನ ಚರಿತ್ರೆ	49	ಗಣೇಶನ ನಿರ್ಮಾಲ್ಯದ ಮಾಹಾತ್ಮ್ಯದ ವರ್ಣನೆ	122-123
5	4 ಗಜಾನನ ಚರಿತ್ರೆ	50	ವಿಘ್ನಾಸುರನು ಆಶ್ರಮಕ್ಕೆ ಹೋದದ್ದು	124-125
5	4 ಗಜಾನನ ಚರಿತ್ರೆ	51	ವಿಘ್ನರಾಜನ ಅವತಾರದ ವರ್ಣನೆ	126-128
5	4 ಗಜಾನನ ಚರಿತ್ರೆ	52	ಗಜಾನನನ ಚರಿತ್ರೆಯ ಮಾಹಾತ್ಮ್ಯದ ವರ್ಣನೆ	128-129
5	5 ಲಂಬೋದರ ಚರಿತ್ರೆ	1	ಅಸಿತ ಮತ್ತು ನೈಧ್ರುವರ ಸಂವಾದದಲ್ಲಿ ಮೂರು ವಿಧದ ಯಜ್ಞಗಳ ವರ್ಣನೆ	1-3
5	5 ಲಂಬೋದರ ಚರಿತ್ರೆ	2	ಮತ್ಸರಾಸುರನ ವಧೆ	3-5
5	5 ಲಂಬೋದರ ಚರಿತ್ರೆ	3	ಕ್ರೋಧಾಸುರನ ರಾಜ್ಯಪ್ರಾಪ್ತಿಯ ವರ್ಣನೆ	5-7
5	5 ಲಂಬೋದರ ಚರಿತ್ರೆ	4	ಕ್ರೋಧಾಸುರನ ಬ್ರಹ್ಮಾಂಡವಿಜಯ	7-9
5	5 ಲಂಬೋದರ ಚರಿತ್ರೆ	5	ದೇವತೆಗಳ ವರಪ್ರದಾನ	9-11
5	5 ಲಂಬೋದರ ಚರಿತ್ರೆ	6	ದೇವಾಸುರಯುದ್ಧದ ವರ್ಣನೆ	11-13
5	5 ಲಂಬೋದರ ಚರಿತ್ರೆ	7	ಕ್ರೋಧಾಸುರನ ಭೇಟಿಯು	13-15
5	5 ಲಂಬೋದರ ಚರಿತ್ರೆ	8	ಕ್ರೋಧಾಸುರನ ಶಾಂತಿಯ ವರ್ಣನೆ	15-17
5	5 ಲಂಬೋದರ ಚರಿತ್ರೆ	9	ದೇವರ್ಷಿಗಳು ಮಾಡಿದ ಲಂಬೋದರಸ್ತುತಿಯ ವರ್ಣನೆ	17-19
5	5 ಲಂಬೋದರ ಚರಿತ್ರೆ	10	ವತ್ಸರ ಮತ್ತು ಅಸಿತರಿಗೆ ಶಾಂತಿಯ ವರ್ಣನೆ	20-21
5	5 ಲಂಬೋದರ ಚರಿತ್ರೆ	11	ಲಂಬೋದರನ ಬ್ರಹ್ಮಸ್ವರೂಪದ ವರ್ಣನೆ	22-22
5	5 ಲಂಬೋದರ ಚರಿತ್ರೆ	12	ಶಕ್ತಿಸ್ವರೂಪದ ಅವತಾರದ ವರ್ಣನೆ	23-25
5	5 ಲಂಬೋದರ ಚರಿತ್ರೆ	13	ಶಕ್ತಿಯ ವರಪ್ರದಾನ	26-28
5	5 ಲಂಬೋದರ ಚರಿತ್ರೆ	14	ಶಿವ ಮತ್ತು ವಿಷ್ಣುವಿನ ಗರ್ವಹರಣ	29-31
5	5 ಲಂಬೋದರ ಚರಿತ್ರೆ	15	ಶಕ್ತಿವಿನಾಯಕನ ಮಾಹಾತ್ಮ್ಯ	31-33
5	5 ಲಂಬೋದರ ಚರಿತ್ರೆ	16	ಶೋಭಿತನ ದುಃಖದ ವರ್ಣನೆ	33-35
5	5 ಲಂಬೋದರ ಚರಿತ್ರೆ	17	ಶೈಲನಿಗೆ ಯೋಗೋಪದೇಶದ ವರ್ಣನೆ	35-37
6	5 ಲಂಬೋದರ ಚರಿತ್ರೆ	18	ಶೈಲನ ಆಖ್ಯಾನದ ವರ್ಣನೆ	37-40
6	5 ಲಂಬೋದರ ಚರಿತ್ರೆ	19	ಮೂಷಕ ಮತ್ತು ದೇವತೆಗಳ ಭೇಟಿಯು	40-42
6	5 ಲಂಬೋದರ ಚರಿತ್ರೆ	20	ಮೂಷಕ ಮತ್ತು ಮಾಯಾಕಾರಾಸುರರ ಭೇಟಿಯು	43-44
6	5 ಲಂಬೋದರ ಚರಿತ್ರೆ	21	ಮೂಷಕಾವತಾರದ ಚರಿತ್ರೆ	45-47
6	5 ಲಂಬೋದರ ಚರಿತ್ರೆ	22	ಶಕ್ತಿಪುತ್ರನ ಚರಿತ್ರೆ	47-48
6	5 ಲಂಬೋದರ ಚರಿತ್ರೆ	23	ಗಾಣಪತ್ಯರ ದೀಕ್ಷೆಯ ವರ್ಣನೆ	48-50
6	5 ಲಂಬೋದರ ಚರಿತ್ರೆ	24	ಗಾಣಪತ್ಯರ ಸ್ವರೂಪದ ವರ್ಣನೆ	50-53
6	5 ಲಂಬೋದರ ಚರಿತ್ರೆ	25	ಶಮೀ ಮತ್ತು ಮಂದಾರರ ವರಪ್ರದಾನ	53-56
6	5 ಲಂಬೋದರ ಚರಿತ್ರೆ	26	ಶಮೀಮಂದಾರಗಳ ಸ್ಪರ್ಶಮಹಿಮೆಯ ವರ್ಣನೆ	56-58
6	5 ಲಂಬೋದರ ಚರಿತ್ರೆ	27	ದೂರ್ವೆಯ ಉತ್ಪತ್ತಿಯ ಕಥನ	59-61
6	5 ಲಂಬೋದರ ಚರಿತ್ರೆ	28	ದೂರ್ವಾಪತ್ರದ ಸ್ಪರ್ಶಮಹಿಮೆಯ ವರ್ಣನೆ	61-62
6	5 ಲಂಬೋದರ ಚರಿತ್ರೆ	29	ತ್ರಿಶಿರಸ್ಸಿನ ಚರಿತ್ರೆಯ ವರ್ಣನೆ	63-66
6	5 ಲಂಬೋದರ ಚರಿತ್ರೆ	30	ದೂರ್ವೆಯ ಮಾಹಾತ್ಮ್ಯದ ವರ್ಣನೆ	66-74
6	5 ಲಂಬೋದರ ಚರಿತ್ರೆ	31	ತುಳಸೀವರ್ಜನೆಯ ಕಾರಣ	75-77
6	5 ಲಂಬೋದರ ಚರಿತ್ರೆ	32	ತುಳಸಿಯ ವರಪ್ರದಾನ	77-78
6	5 ಲಂಬೋದರ ಚರಿತ್ರೆ	33	ತುಳಸಿಯ ಸಮರ್ಪಣವರ್ಜನೆಯ ವರ್ಣನೆ	79-80
6	5 ಲಂಬೋದರ ಚರಿತ್ರೆ	34	ಕರ್ಮಾಂಗದನ ಚರಿತ್ರೆ	80-82
6	5 ಲಂಬೋದರ ಚರಿತ್ರೆ	35	ಗೃತ್ಸಮದ ಮತ್ತು ಗಣೇಶನ ಭೇಟಿಯು	83-84
6	5 ಲಂಬೋದರ ಚರಿತ್ರೆ	36	ಗೃತ್ಸಮದನ ವರಪ್ರದಾನ	85-86
6	5 ಲಂಬೋದರ ಚರಿತ್ರೆ	37	ಗೃತ್ಸಮದನ ನಿತ್ಯಕರ್ಮಗಳ ವರ್ಣನೆ	87-88
6	5 ಲಂಬೋದರ ಚರಿತ್ರೆ	38	ಗೃತ್ಸಮದನು ಹೇಳಿದ ಬ್ರಾಹ್ಮಣವೇದಪೂಜೆಯ ಕಥನ	88-92
6	5 ಲಂಬೋದರ ಚರಿತ್ರೆ	39	ಗೃತ್ಸಮದನು ಹೇಳಿದ ಗಣೇಶಪೂಜೆಯ ವರ್ಣನೆ	93-95
6	5 ಲಂಬೋದರ ಚರಿತ್ರೆ	40	ಸ್ವಾನಂದಲೋಕದ ವರ್ಣನೆ	96-98
6	5 ಲಂಬೋದರ ಚರಿತ್ರೆ	41	ಸ್ವಾನಂದಸ್ಥಿತಿಯ ವರ್ಣನೆ	99-101
6	5 ಲಂಬೋದರ ಚರಿತ್ರೆ	42	ಚಿಂತಾಮಣಿಯ ಚತುರ್ಥಿವ್ರತದ ವರ್ಣನೆ	102-103
6	5 ಲಂಬೋದರ ಚರಿತ್ರೆ	43	ಭಕ್ತಿಯ ಭೇಟಿಯ ವರ್ಣನೆ	104-105
6	5 ಲಂಬೋದರ ಚರಿತ್ರೆ	44	ಜ್ಞಾನ ಮತ್ತು ಶಕ್ತಿಯ ಸ್ತುತಿವಿಧಿಯ ವರ್ಣನೆ	106-108
6	5 ಲಂಬೋದರ ಚರಿತ್ರೆ	45	ಲಂಬೋದರ ಚರಿತ್ರೆಯ ಶ್ರವಣಮಾಹಾತ್ಮ್ಯದ ವರ್ಣನೆ	108-110
6	6 ವಿಕಟ ಚರಿತ್ರೆ	1	ಶಕ್ತಿಯ ಆಖ್ಯಾನದ ವರ್ಣನೆ	1-3
6	6 ವಿಕಟ ಚರಿತ್ರೆ	2	ಶಿವ ಮತ್ತು ವಿಷ್ಣುವಿನ ವರಪ್ರದಾನ	3-5
6	6 ವಿಕಟ ಚರಿತ್ರೆ	3	ಕಾಮಾಸುರನ ರಾಜ್ಯಪ್ರಾಪ್ತಿಯ ವರ್ಣನೆ	6-7
6	6 ವಿಕಟ ಚರಿತ್ರೆ	4	ಕಾಮಾಸುರನ ವಿಜಯದ ವರ್ಣನೆ	8-9
6	6 ವಿಕಟ ಚರಿತ್ರೆ	5	ಮುದ್ಗಲ ಮತ್ತು ದೇವತೆಗಳ ಭೇಟಿಯು	10-11
6	6 ವಿಕಟ ಚರಿತ್ರೆ	6	ಭುಶುಂಡಿ ಮತ್ತು ಪಂಚದೇವತೆಗಳ ಭೇಟಿಯು	12-13
6	6 ವಿಕಟ ಚರಿತ್ರೆ	7	ಸ್ವಾನಂದಕ್ಷೇತ್ರದ ಸ್ವರೂಪದ ವರ್ಣನೆ	14-16
6	6 ವಿಕಟ ಚರಿತ್ರೆ	8	ವಿವಿಧ ಕ್ಷೇತ್ರಗಳ ವೈಲಕ್ಷಣ್ಯದ ವರ್ಣನೆ	16-19
6	6 ವಿಕಟ ಚರಿತ್ರೆ	9	ಮಯೂರೇಶ್ವರನ ವರಪ್ರಾಪ್ತಿಯ ವರ್ಣನೆ	19-21
6	6 ವಿಕಟ ಚರಿತ್ರೆ	10	ದ್ವಾರರಹಸ್ಯದ ವರ್ಣನೆ	21-22
6	6 ವಿಕಟ ಚರಿತ್ರೆ	11	ಕ್ಷೇತ್ರದ ಪ್ರಮಾಣದ ವರ್ಣನೆ	23-25
6	6 ವಿಕಟ ಚರಿತ್ರೆ	12	ಮಯೂರೇಶ್ವರಕ್ಷೇತ್ರದ ವಾಸದ ಶುಭಾಶುಭಗಳ ವರ್ಣನೆ	25-28
6	6 ವಿಕಟ ಚರಿತ್ರೆ	13	ಮಯೂರೇಶ್ವರನಾಮದ ದಂಡಕಾರಣ್ಯದ ವರಪ್ರದಾನ	28-30
6	6 ವಿಕಟ ಚರಿತ್ರೆ	14	ದ್ವಾರಯಾತ್ರೆಯ ವರ್ಣನೆ	31-33
6	6 ವಿಕಟ ಚರಿತ್ರೆ	15	ದೇವತೆಗಳು ಮತ್ತು ಅಗಸ್ತ್ಯನ ದ್ವಾರಯಾತ್ರೆಯ ಮಾಹಾತ್ಮ್ಯ	33-37
6	6 ವಿಕಟ ಚರಿತ್ರೆ	16	ಗರ್ಭಾಗಾರಯಾತ್ರೆಯ ಮಾಹಾತ್ಮ್ಯದ ವರ್ಣನೆ	38-40
6	6 ವಿಕಟ ಚರಿತ್ರೆ	17	ಮಯೂರೇಶ್ವರಕ್ಷೇತ್ರದ ಶ್ರವಣ ಮತ್ತು ಪ್ರಮಾಣದ ಮಾಹಾತ್ಮ್ಯದ ವರ್ಣನೆ	41-43
6	6 ವಿಕಟ ಚರಿತ್ರೆ	18	ಗರ್ಭಾಗಾರದ ಪ್ರಮಾಣದ ವರ್ಣನೆ	43-44
6	6 ವಿಕಟ ಚರಿತ್ರೆ	19	ಕ್ಷೇತ್ರವಾಸದ ಚರಿತ್ರೆಯ ವರ್ಣನೆ	45-55
6	6 ವಿಕಟ ಚರಿತ್ರೆ	20	ಮಲಯನ ಯಾತನೆಯ ಕಥನ	55-57
6	6 ವಿಕಟ ಚರಿತ್ರೆ	21	ಯಾತ್ರಾರ್ಥವಾಗಿ ಪ್ರವೇಶಿಸುವ ಫಲಾದಿಗಳ ವರ್ಣನೆ	58-61
6	6 ವಿಕಟ ಚರಿತ್ರೆ	22	ಕ್ಷೇತ್ರಸಂನ್ಯಾಸದ ವರ್ಣನೆ	61-67
6	6 ವಿಕಟ ಚರಿತ್ರೆ	23	ಗಣೇಶಕುಂಡದ ಚರಿತ್ರೆಯ ವರ್ಣನೆ	67-69
6	6 ವಿಕಟ ಚರಿತ್ರೆ	24	ಬ್ರಹ್ಮಕಮಂಡಲು ಮತ್ತು ಆದ್ಯತೀರ್ಥಾದಿಗಳ ವರ್ಣನೆ	70-73
6	6 ವಿಕಟ ಚರಿತ್ರೆ	25	ಬ್ರಹ್ಮಕಮಂಡಲುತೀರ್ಥದ ಚರಿತ್ರೆ	73-78
6	6 ವಿಕಟ ಚರಿತ್ರೆ	26	ಸಪ್ತತೀರ್ಥಗಳ ವರ್ಣನೆ	78-79
6	6 ವಿಕಟ ಚರಿತ್ರೆ	27	ಬ್ರಹ್ಮಕಮಂಡಲುತೀರ್ಥದ ವರ್ಣನೆ	80-84
6	6 ವಿಕಟ ಚರಿತ್ರೆ	28	ನಾಮಕ್ಷೇತ್ರದ ಪ್ರಶಂಸೆ	84-86
6	6 ವಿಕಟ ಚರಿತ್ರೆ	29	ಭುಶುಂಡಿ ಮತ್ತು ದೇವತೆಗಳ ಸಂವಾದದ ಸಮಾಪ್ತಿಯ ವರ್ಣನೆ	86-87
6	6 ವಿಕಟ ಚರಿತ್ರೆ	30	ಮಯೂರೇಶ್ವರಕ್ಷೇತ್ರದ ಮಾಹಾತ್ಮ್ಯದ ಸಮಾಪ್ತಿಯ ವರ್ಣನೆ	88-90
6	6 ವಿಕಟ ಚರಿತ್ರೆ	31	ವಿಕಟನ ಪ್ರಾದುರ್ಭಾವ	91-93
6	6 ವಿಕಟ ಚರಿತ್ರೆ	32	ದೇವತೆಗಳು ಮತ್ತು ದೈತ್ಯರ ಭೇಟಿಯು	93-94
6	6 ವಿಕಟ ಚರಿತ್ರೆ	33	ಕಾಮಾಸುರನ ಪುತ್ರರ ವಧೆ	94-97
6	6 ವಿಕಟ ಚರಿತ್ರೆ	34	ಕಾಮಾಸುರನ ವಿಜಯದ ವರ್ಣನೆ	97-99
6	6 ವಿಕಟ ಚರಿತ್ರೆ	35	ಕಾಮಾಸುರನ ಶಾಂತಿಯ ವರ್ಣನೆ	99-101
7	6 ವಿಕಟ ಚರಿತ್ರೆ	36	ವಿಕಟಾವತಾರ ಚರಿತ್ರೆಯ ಸಮಾಪ್ತಿಯ ವರ್ಣನೆ	103-104
7	6 ವಿಕಟ ಚರಿತ್ರೆ	37	ಗುಣೇಶನ ಅವತಾರದ ವರ್ಣನೆ	105-107
7	6 ವಿಕಟ ಚರಿತ್ರೆ	38	ಭಾಲಚಂದ್ರನ ವರ್ಣನೆ	107-110
7	6 ವಿಕಟ ಚರಿತ್ರೆ	39	ಕಮಲಾಸುರನ ವಧೆ	110-112
7	6 ವಿಕಟ ಚರಿತ್ರೆ	40	ವಿಷ್ಣು ಮೊದಲಾದವರು ಪರಮೇಶನನ್ನು ಕಂಡದ್ದು	113-115
7	6 ವಿಕಟ ಚರಿತ್ರೆ	41	ಮಯೂರೇಶನ ಚರಿತ್ರೆಯ ವರ್ಣನೆ	116-118
7	6 ವಿಕಟ ಚರಿತ್ರೆ	42	ಸೂರ್ಯಾವತಾರದ ಚರಿತ್ರೆ	119-120
7	6 ವಿಕಟ ಚರಿತ್ರೆ	43	ಭಾನು ವಿನಾಯಕನ ಚರಿತ್ರೆ	120-122
7	6 ವಿಕಟ ಚರಿತ್ರೆ	44	ವಿಕಟನ ವರಪ್ರದಾನದ ಚರಿತ್ರೆ	123-125
7	6 ವಿಕಟ ಚರಿತ್ರೆ	45	ವಿಕಟ ಚರಿತ್ರೆಯ ಸಮಾಪ್ತಿ	125-126
7	7 ವಿಘ್ನರಾಜ ಚರಿತ್ರೆ	1	ಚಿಂತಾಶೋಕದ ವರ್ಣನೆ	1-3
7	7 ವಿಘ್ನರಾಜ ಚರಿತ್ರೆ	2	ಶಿವ ಮತ್ತು ಪಾರ್ವತಿಯ ಭೇಟಿಯು	3-5
7	7 ವಿಘ್ನರಾಜ ಚರಿತ್ರೆ	3	ಮಮಾಸುರನ ವರಪ್ರದಾನ	5-8
7	7 ವಿಘ್ನರಾಜ ಚರಿತ್ರೆ	4	ಶಿವ ಮತ್ತು ಮಮಾಸುರನ ಭೇಟಿಯು	8-9
7	7 ವಿಘ್ನರಾಜ ಚರಿತ್ರೆ	5	ಮಮಾಸುರನ ರಾಜ್ಯಶೋಭೆಯ ವರ್ಣನೆ	10-12
7	7 ವಿಘ್ನರಾಜ ಚರಿತ್ರೆ	6	ವಿಘ್ನರಾಜನ ಪ್ರಾದುರ್ಭಾವ	12-14
7	7 ವಿಘ್ನರಾಜ ಚರಿತ್ರೆ	7	ಮಮಾಸುರನ ಗರ್ವಹರಣ	14-16
7	7 ವಿಘ್ನರಾಜ ಚರಿತ್ರೆ	8	ಮಮಾಸುರನ ಶಾಂತಿಯ ವರ್ಣನೆ	17-18
7	7 ವಿಘ್ನರಾಜ ಚರಿತ್ರೆ	9	ಮಮಾಸುರನ ಶಾಂತಿಯೊಂದಿಗೆ ವಿಘ್ನೇಶ ಚರಿತ್ರೆಯ ಕ್ಷೇತ್ರವರ್ಣನೆ	18-21
7	7 ವಿಘ್ನರಾಜ ಚರಿತ್ರೆ	10	ವಿಷ್ಣುವಿನ ಅವತಾರದ ವರ್ಣನೆ	21-23
7	7 ವಿಘ್ನರಾಜ ಚರಿತ್ರೆ	11	ಲಕ್ಷ್ಮೀವಿನಾಯಕನ ಚರಿತ್ರೆಯ ವರ್ಣನೆ	23-26
7	7 ವಿಘ್ನರಾಜ ಚರಿತ್ರೆ	12	ಶೂರ್ಪಕರ್ಣನ ಅವತಾರದ ವರ್ಣನೆ	26-28
7	7 ವಿಘ್ನರಾಜ ಚರಿತ್ರೆ	13	ದಕ್ಷನ ಗೀತೆಯ ವರ್ಣನೆ	28-31
7	7 ವಿಘ್ನರಾಜ ಚರಿತ್ರೆ	14	ದಿತಿಯ ವರಪ್ರದಾನ	31-33
7	7 ವಿಘ್ನರಾಜ ಚರಿತ್ರೆ	15	ಚತುರ್ಭುಜ ಅವತಾರದ ವಿಕ್ರಮದ ವರ್ಣನೆ	33-35
7	7 ವಿಘ್ನರಾಜ ಚರಿತ್ರೆ	16	ವಿಘ್ನರಾಜ ಚರಿತ್ರೆಯ ಮಾಹಾತ್ಮ್ಯದ ವರ್ಣನೆ	36-37
7	8 ಧೂಮ್ರವರ್ಣ ಚರಿತ್ರೆ	1	ಅಹಂಕಾರದ ಉತ್ಪತ್ತಿಯ ವರ್ಣನೆ	1-3
7	8 ಧೂಮ್ರವರ್ಣ ಚರಿತ್ರೆ	2	ಅಹಮಾಸುರನ ರಾಜ್ಯಪ್ರಾಪ್ತಿಯ ವರ್ಣನೆ	3-4
7	8 ಧೂಮ್ರವರ್ಣ ಚರಿತ್ರೆ	3	ಅಹಮಾಸುರನ ಬ್ರಹ್ಮಾಂಡವಿಜಯ	5-7
7	8 ಧೂಮ್ರವರ್ಣ ಚರಿತ್ರೆ	4	ದೇವತೆಗಳು ಮತ್ತು ಮುನಿಗಳ ವರಪ್ರದಾನ	7-9
7	8 ಧೂಮ್ರವರ್ಣ ಚರಿತ್ರೆ	5	ಅಹಂಕಾರದ ಸೋಲು	10-12
7	8 ಧೂಮ್ರವರ್ಣ ಚರಿತ್ರೆ	6	ಅಹಂಕಾರಾಸುರನಿಗೆ ಜ್ಞಾನೋಪದೇಶ	12-15
7	8 ಧೂಮ್ರವರ್ಣ ಚರಿತ್ರೆ	7	ಅಹಂಕಾರನ ಶಾಂತಿಸ್ವರೂಪದ ವರ್ಣನೆ	16-17
7	8 ಧೂಮ್ರವರ್ಣ ಚರಿತ್ರೆ	8	ಧೂಮ್ರವರ್ಣನ ಅವತಾರದ ಸಮಾಪ್ತಿ	18-20
7	8 ಧೂಮ್ರವರ್ಣ ಚರಿತ್ರೆ	9	ಧೂಮ್ರವರ್ಣನ ಮಹಿಮೆಯ ವರ್ಣನೆ	20-21
7	8 ಧೂಮ್ರವರ್ಣ ಚರಿತ್ರೆ	10	ಶಿವನ ಆತ್ಮಕವಾದ ಅವತಾರದ ಚರಿತ್ರೆ	22-24
7	8 ಧೂಮ್ರವರ್ಣ ಚರಿತ್ರೆ	11	ಪಾರ್ವತೀ ಮತ್ತು ಗಣೇಶನ ಚರಿತ್ರೆ	24-26
7	8 ಧೂಮ್ರವರ್ಣ ಚರಿತ್ರೆ	12	ಗುಣೇಶನ ಅವತಾರದ ವರ್ಣನೆ	27-28
7	8 ಧೂಮ್ರವರ್ಣ ಚರಿತ್ರೆ	13	ವಾಣಾಸುರನಿಗೆ ವರಪ್ರದಾನ	29-31
7	8 ಧೂಮ್ರವರ್ಣ ಚರಿತ್ರೆ	14	ವಾಣಾಸುರನ ವರ್ಣನೆಯಲ್ಲಿ ನಂದಿಯ ಚರಿತ್ರೆ	31-34
7	8 ಧೂಮ್ರವರ್ಣ ಚರಿತ್ರೆ	15	ಬುದ್ಧನ ಅವತಾರದ ವರ್ಣನೆ	34-36
7	8 ಧೂಮ್ರವರ್ಣ ಚರಿತ್ರೆ	16	ಧೂಮ್ರವರ್ಣನು ಕಲಿಯನ್ನು ಜಯಿಸಿದ ವರ್ಣನೆ	37-38
7	8 ಧೂಮ್ರವರ್ಣ ಚರಿತ್ರೆ	17	ಯುಗಗಳ ವರಪ್ರದಾನ	39-41
7	8 ಧೂಮ್ರವರ್ಣ ಚರಿತ್ರೆ	18	ಯುಗಗಳ ಭಾವ ಮತ್ತು ಕರ್ಮಸಿದ್ಧಿಯ ವರ್ಣನೆ	41-42
7	8 ಧೂಮ್ರವರ್ಣ ಚರಿತ್ರೆ	19	ಸಮಾಸಂವತ್ಸರನ ಚರಿತ್ರೆ	42-44
7	8 ಧೂಮ್ರವರ್ಣ ಚರಿತ್ರೆ	20	ಮಲಮಾಸ ಮೊದಲಾದವರಿಗೆ ವರಪ್ರದಾನ	44-45
7	8 ಧೂಮ್ರವರ್ಣ ಚರಿತ್ರೆ	21	ಧೂಮ್ರನ ಮಹಿಮೆಯ ವರ್ಣನೆ	45-48
7	8 ಧೂಮ್ರವರ್ಣ ಚರಿತ್ರೆ	22	ಕಾರ್ತಿಕಮಾಸದ ಮಾಹಾತ್ಮ್ಯ	49-49
7	8 ಧೂಮ್ರವರ್ಣ ಚರಿತ್ರೆ	23	ವಜ್ರಪಂಜರದ ಕಥನ	50-52
7	8 ಧೂಮ್ರವರ್ಣ ಚರಿತ್ರೆ	24	ಮಾರ್ಗಶೀರ್ಷಮಾಹಾತ್ಮ್ಯದಲ್ಲಿ ಸಾಧುವಿನ ಚರಿತ್ರೆಯ ವರ್ಣನೆ	52-54
7	8 ಧೂಮ್ರವರ್ಣ ಚರಿತ್ರೆ	25	ವಿರೋಚನನ ವಧೆ	55-57
7	8 ಧೂಮ್ರವರ್ಣ ಚರಿತ್ರೆ	26	ವಿವಿಧ ಜನರ ಉದ್ಧಾರ	57-60
7	8 ಧೂಮ್ರವರ್ಣ ಚರಿತ್ರೆ	27	ಶಿವದತ್ತನ ಮೋಕ್ಷ	60-62
7	8 ಧೂಮ್ರವರ್ಣ ಚರಿತ್ರೆ	28	ಶುಕನ ಗೀತೆಯ ಕಥನ	63-65
7	8 ಧೂಮ್ರವರ್ಣ ಚರಿತ್ರೆ	29	ಶಿವನ ಮುಕ್ತಿಯ ವರಪ್ರದಾನ	65-67
7	8 ಧೂಮ್ರವರ್ಣ ಚರಿತ್ರೆ	30	ವಿವಿಧ ಜನರ ಉದ್ಧಾರದ ವರ್ಣನೆ	68-69
7	8 ಧೂಮ್ರವರ್ಣ ಚರಿತ್ರೆ	31	ಶ್ರಾವಣಮಾಸಮಾಹಾತ್ಮ್ಯದಲ್ಲಿ ಜಾಲಂಧರನ ವಧೆ	69-71
7	8 ಧೂಮ್ರವರ್ಣ ಚರಿತ್ರೆ	32	ಜಾಲಂಧರ ಮತ್ತು ಸಂಜಯರ ದೇಹದಾನದ ವರ್ಣನೆ	71-74
7	8 ಧೂಮ್ರವರ್ಣ ಚರಿತ್ರೆ	33	ಶ್ರಾವಣಮಾಸಮಾಹಾತ್ಮ್ಯದ ವರ್ಣನೆ	74-76
7	8 ಧೂಮ್ರವರ್ಣ ಚರಿತ್ರೆ	34	ದೂರ್ವೆ ಮತ್ತು ವಿಧಿಯ ಸಂವಾದ	77-79
7	8 ಧೂಮ್ರವರ್ಣ ಚರಿತ್ರೆ	35	ಫಾಲ್ಗುನಮಾಸದ ಮಾಹಾತ್ಮ್ಯ	80-82
8	8 ಧೂಮ್ರವರ್ಣ ಚರಿತ್ರೆ	36	ಸಂವತ್ಸರವ್ರತದ ಮಾಹಾತ್ಮ್ಯದ ವರ್ಣನೆ	82-84
8	8 ಧೂಮ್ರವರ್ಣ ಚರಿತ್ರೆ	37	ಚಾತುರ್ಮಾಸ್ಯಮಾಹಾತ್ಮ್ಯದಲ್ಲಿ ವಿಮುಕ್ತಿಯ ಉಪದೇಶ	84-89
8	8 ಧೂಮ್ರವರ್ಣ ಚರಿತ್ರೆ	38	ಕಲ್ಯಾಣದೂರ್ವೆಯ ವರ್ಣನೆ	90-91
8	8 ಧೂಮ್ರವರ್ಣ ಚರಿತ್ರೆ	39	ವಲ್ಲಾಳೇಶ್ವರನ ವರ್ಣನೆ	92-94
8	8 ಧೂಮ್ರವರ್ಣ ಚರಿತ್ರೆ	40	ಚಾತುರ್ಮಾಸ್ಯವ್ರತದ ಮಾಹಾತ್ಮ್ಯ	94-96
8	8 ಧೂಮ್ರವರ್ಣ ಚರಿತ್ರೆ	41	ಕೌಂಡಿನ್ಯ ಮತ್ತು ಬ್ರಹ್ಮನ ಭೇಟಿಯು	97-98
8	8 ಧೂಮ್ರವರ್ಣ ಚರಿತ್ರೆ	42	ಗಣೇಶನಾಮದ ಮಾಹಾತ್ಮ್ಯ	99-101
8	8 ಧೂಮ್ರವರ್ಣ ಚರಿತ್ರೆ	43	ಚತುರ್ಥಿಯ ರಹಸ್ಯದ ವರ್ಣನೆ	101-102
8	8 ಧೂಮ್ರವರ್ಣ ಚರಿತ್ರೆ	44	ಜರತ್ಕಾರುವಿಗೆ ಮಂತ್ರೋಪದೇಶದ ವರ್ಣನೆ	103-105
8	8 ಧೂಮ್ರವರ್ಣ ಚರಿತ್ರೆ	45	ಜರತ್ಕಾರುವಿನ ಯೋಗಪ್ರಾಪ್ತಿಯ ವರ್ಣನೆ	105-106
8	8 ಧೂಮ್ರವರ್ಣ ಚರಿತ್ರೆ	46	ಬ್ರಾಹ್ಮಣರ ಮತ್ತು ಸತ್ಯವಾಕ್ಯದ ಮಾಹಾತ್ಮ್ಯದ ವರ್ಣನೆ	107-108
8	8 ಧೂಮ್ರವರ್ಣ ಚರಿತ್ರೆ	47	ತ್ರಿವಿಧ ಜಗದಾಧಾರದ ನಿರೂಪಣೆ	109-110
8	8 ಧೂಮ್ರವರ್ಣ ಚರಿತ್ರೆ	48	ಮಾಸಗಳ ಮಾಹಾತ್ಮ್ಯದ ವರ್ಣನೆ	111-111
8	8 ಧೂಮ್ರವರ್ಣ ಚರಿತ್ರೆ	49	ಗಣೇಶನ ಹೃದಯದ ಕಥನ	112-115
8	8 ಧೂಮ್ರವರ್ಣ ಚರಿತ್ರೆ	50	ಫಲಶ್ರುತಿಯ ವರ್ಣನೆ	116-117
8	9 ಯೋಗ ಚರಿತ್ರೆ	1	ಸ್ವಸಂವೇದ್ಯ ಸ್ವರೂಪದ ವರ್ಣನೆ	-
8	9 ಯೋಗ ಚರಿತ್ರೆ	2	ಅಯೋಗ ಚರಿತ್ರೆಯ ಕಥನ	1-3
8	9 ಯೋಗ ಚರಿತ್ರೆ	3	ಗಣೇಶನ ಸ್ವರೂಪದ ವರ್ಣನೆ	3-6
8	9 ಯೋಗ ಚರಿತ್ರೆ	4	ಪೂರ್ಣಯೋಗದ ಚರಿತ್ರೆಯ ವರ್ಣನೆ	6-11
8	9 ಯೋಗ ಚರಿತ್ರೆ	5	ಚಿತ್ತಭೂಮಿ ನಿರೋಧದಿಂದ ಸಾರ್ವಭೌಮಯೋಗ; ಯೋಗವಿಭಾಗದ ಮೊದಲ ಅಧ್ಯಾಯ	11-14
8	9 ಯೋಗ ಚರಿತ್ರೆ	6	ಯೋಗಿಯ ಚಿತ್ತದಲ್ಲಿ ಅನುಭವ ಮತ್ತು ಸುಷುಪ್ತಿಯ ವರ್ಣನೆಯ ಯೋಗ; ಯೋಗವಿಭಾಗದ ಎರಡನೇ ಅಧ್ಯಾಯ	14-24
8	9 ಯೋಗ ಚರಿತ್ರೆ	7	ಯೋಗಸ್ಥಿತಿಯ ವರ್ಣನೆಯ ಯೋಗ; ಯೋಗವಿಭಾಗದ ಮೂರನೇ ಅಧ್ಯಾಯ	24-29
8	9 ಯೋಗ ಚರಿತ್ರೆ	8	ಯೋಗಭ್ರಷ್ಟನ ಚರಿತ್ರೆಯ ನಿರೂಪಣೆ; ಯೋಗವಿಭಾಗದ ನಾಲ್ಕನೇ ಅಧ್ಯಾಯ	30-31
8	9 ಯೋಗ ಚರಿತ್ರೆ	9	ಅಜ್ಞಾನಿಗಳ ಕರ್ಮಯೋಗದ ವರ್ಣನೆ; ಯೋಗವಿಭಾಗದ ಐದನೇ ಅಧ್ಯಾಯ	32-36
8	9 ಯೋಗ ಚರಿತ್ರೆ	10	ವಿಭೂತಿಯೋಗ; ಯೋಗವಿಭಾಗದ ಆರನೇ ಅಧ್ಯಾಯ	36-38
8	9 ಯೋಗ ಚರಿತ್ರೆ	11	ತತ್ತ್ವವಿಚಾರಯೋಗ; ಯೋಗವಿಭಾಗದ ಏಳನೇ ಅಧ್ಯಾಯ	39-41
8	9 ಯೋಗ ಚರಿತ್ರೆ	12	ಶುಕ್ಲಕೃಷ್ಣಗತಿಯೋಗ; ಯೋಗವಿಭಾಗದ ಎಂಟನೇ ಅಧ್ಯಾಯ	42-45
8	9 ಯೋಗ ಚರಿತ್ರೆ	13	ಕ್ಷೇತ್ರ ಮತ್ತು ಕ್ಷೇತ್ರಜ್ಞನ ಜ್ಞಾನಯೋಗ; ಯೋಗವಿಭಾಗದ ಒಂಬತ್ತನೇ ಅಧ್ಯಾಯ	45-48
8	9 ಯೋಗ ಚರಿತ್ರೆ	14	ವಿವಿಧ ಮತಗಳ ಐಕ್ಯಯೋಗ; ಯೋಗವಿಭಾಗದ ಹತ್ತನೇ ಅಧ್ಯಾಯ	48-50
8	9 ಯೋಗ ಚರಿತ್ರೆ	15	ಗಣೇಶರಹಸ್ಯಯೋಗ; ಯೋಗವಿಭಾಗದ ಹನ್ನೊಂದನೇ ಅಧ್ಯಾಯ	50-53
8	9 ಯೋಗ ಚರಿತ್ರೆ	16	ಭಕ್ತಿರಹಸ್ಯದ ವರ್ಣನೆಯ ಯೋಗ; ಯೋಗವಿಭಾಗದ ಹನ್ನೆರಡನೇ ಅಧ್ಯಾಯ	53-55
8	9 ಯೋಗ ಚರಿತ್ರೆ	17	ದಕ್ಷನ ಸಿದ್ಧಿಪ್ರಾಪ್ತಿಯ ವರ್ಣನೆ; ಯೋಗವಿಭಾಗದ ಹದಿಮೂರನೇ ಅಧ್ಯಾಯ	56-58
8	9 ಯೋಗ ಚರಿತ್ರೆ	18	ಗಣೇಶನ ಸ್ವರೂಪದ ಕ್ರಮದ ವರ್ಣನೆ	58-61
8	9 ಯೋಗ ಚರಿತ್ರೆ	19	ಪುರಾಣಶ್ರವಣಾದಿಗಳ ವಿಧಿಯ ವರ್ಣನೆ	62-63
8	9 ಯೋಗ ಚರಿತ್ರೆ	20	ಪುರಾಣದ ಪ್ರಶಸ್ತಿ ಮತ್ತು ಮಾಹಾತ್ಮ್ಯದ ವರ್ಣನೆ	63-64
8	9 ಯೋಗ ಚರಿತ್ರೆ	21	ಪಾರಾಯಣದ ವರ್ಣನೆ	65-66
8	9 ಯೋಗ ಚರಿತ್ರೆ	22	ಮಾಸಪಾರಾಯಣದ ಚರಿತ್ರೆಯ ವರ್ಣನೆ	66-67
8	9 ಯೋಗ ಚರಿತ್ರೆ	23	ಜ್ಯೇಷ್ಠಮಾಸ ಪಾರಾಯಣದ ಮಾಹಾತ್ಮ್ಯದ ವರ್ಣನೆ	68-69
8	9 ಯೋಗ ಚರಿತ್ರೆ	24	ವಿಕಲ್ಪದ ವಿಜಯ	69-71
8	9 ಯೋಗ ಚರಿತ್ರೆ	25	ವಿಕಲ್ಪವು ಸತ್ತ ನಂತರದ ವರ್ಣನೆ	71-73
8	9 ಯೋಗ ಚರಿತ್ರೆ	26	ಮಾಘಾದಿ ಮೂರು ತಿಂಗಳುಗಳಲ್ಲಿ ಮುದ್ಗಲಪುರಾಣಶ್ರವಣದ ಮಾಹಾತ್ಮ್ಯದ ವರ್ಣನೆ	73-74
8	9 ಯೋಗ ಚರಿತ್ರೆ	27	ಭಾದ್ರಪದ ಮೊದಲಾದ ಒಂದೊಂದು ತಿಂಗಳ ಶ್ರವಣಮಾಹಾತ್ಮ್ಯದ ವರ್ಣನೆ	74-75
8	9 ಯೋಗ ಚರಿತ್ರೆ	28	ಮಹೋದರ ಚರಿತ್ರೆಯ ಮಾಹಾತ್ಮ್ಯ	76-77
8	9 ಯೋಗ ಚರಿತ್ರೆ	29	ವರ್ಷಪೂರ್ತಿ ಮುದ್ಗಲಶ್ರವಣದ ಮಾಹಾತ್ಮ್ಯ	77-78
8	9 ಯೋಗ ಚರಿತ್ರೆ	30	ಮುದ್ಗಲದ ನಿತ್ಯಶ್ರವಣದ ಮಾಹಾತ್ಮ್ಯ	79-80
8	9 ಯೋಗ ಚರಿತ್ರೆ	31	ವಕ್ರತುಂಡ ಚರಿತ್ರೆಯ ಶ್ರವಣಮಾಹಾತ್ಮ್ಯದ ವರ್ಣನೆ	80-81
8	9 ಯೋಗ ಚರಿತ್ರೆ	32	ಏಕದಂತ ಚರಿತ್ರೆಯ ಮಾಹಾತ್ಮ್ಯದ ವರ್ಣನೆ	81-82
8	9 ಯೋಗ ಚರಿತ್ರೆ	33	ಮಹೋದರ ಚರಿತ್ರೆಯ ಮಾಹಾತ್ಮ್ಯದ ವರ್ಣನೆ	82-83
8	9 ಯೋಗ ಚರಿತ್ರೆ	34	ಗಜಾನನ ಚರಿತ್ರೆಯ ವರ್ಣನಾಖಂಡದ ಮಾಹಾತ್ಮ್ಯ	83-84
8	9 ಯೋಗ ಚರಿತ್ರೆ	35	ಲಂಬೋದರ ಚರಿತ್ರೆಯ ವರ್ಣನೆ	84-85
8	9 ಯೋಗ ಚರಿತ್ರೆ	36	ವಿಕಟಖಂಡದ ಮಾಹಾತ್ಮ್ಯದ ವರ್ಣನೆ	85-86
8	9 ಯೋಗ ಚರಿತ್ರೆ	37	ವಿಘ್ನರಾಜಖಂಡದ ಶ್ರವಣ ಮತ್ತು ಪಠನದ ಮಾಹಾತ್ಮ್ಯದ ವರ್ಣನೆ	87-87
8	9 ಯೋಗ ಚರಿತ್ರೆ	38	ಧೂಮ್ರವರ್ಣ ಚರಿತ್ರೆಯ ಮಾಹಾತ್ಮ್ಯದ ವರ್ಣನೆ	88-88
8	9 ಯೋಗ ಚರಿತ್ರೆ	39	ನವಖಂಡದ ಮಾಹಾತ್ಮ್ಯದ ವರ್ಣನೆ	89-90
8	9 ಯೋಗ ಚರಿತ್ರೆ	40	ನವಖಂಡಗಳ ಸಂವಾದದ ವರ್ಣನೆ	90-90
8	9 ಯೋಗ ಚರಿತ್ರೆ	41	ಪುರಾಣದ ಸಮಾಪ್ತಿಯ ವರ್ಣನೆ	91-93
