source_page	type	text
1	mantra	॥ ಶ್ರೀಭೂಸ್ವಾನಂದನಾಥೋ ಮಯೂರೇಶೋ ಜಯತಿ ॥
1	image	source-illustration-01.jpg
1	mantra	॥ ಸಿಂದೂರಲಿಪ್ತಸರ್ವಾಂಗಂ ಸಿದ್ಧಿಬುದ್ಧಿಸಮನ್ವಿತಮ್ ॥ ಭೂಸ್ವಾನಂದಸ್ಥಿತಂ ಧ್ಯಾಯೇ ಭಕ್ತಾನಾಂ ವರದಾಯಕಮ್ ॥
1	title	ಶ್ರೀ ಮುದ್ಗಲ ಪುರಾಣ
2	mantra	॥ ಶ್ರವಣ ಮೂಲಮ್ ಮುದ್ಗಲ ಪುರಾಣ ಪವಿತ್ರಮ್ ॥
2	mantra	॥ ಮಂತ್ರ ಮೂಲಮ್ ಗಣೇಶ ನಾಮ ಪವಿತ್ರಮ್ ॥
2	mantra	॥ ಪೂಜ್ಯ ಮೂಲಮ್ ಗಣೇಶ ಪಾದ ಪವಿತ್ರಮ್ ॥
2	mantra	॥ ಧ್ಯಾನ ಮೂಲಮ್ ಗಣೇಶ ಮೂರ್ತೀ ಪವಿತ್ರಮ್ ॥
2	mantra	॥ ಮುಕ್ತೀ ಮೂಲಮ್ ಗಣೇಶ ಕೃಪಾಃ ಪವಿತ್ರಮ್ ॥
8	mantra	॥ ಇತ್ಯಮುದ್ಗಲಗೀತಾ ಸಮಾಪ್ತಾ ॥
8	mantra	॥ ಶ್ರೀಗಜಾನನಾರ್ಪಣಮಸ್ತು ॥
9	title	ಶ್ರೀಮುದ್ಗಲಪುರಾಣದ ಪ್ರಥಮ ಖಂಡದ ಆರಂಭ
10	caption	ಆದ್ಯಕ್ಷೇತ್ರ ಶ್ರೀಮಯೂರೇಶ್ವರ, ದಂಡಕಾರಣ್ಯ, ಮೋರಗಾಂವ್
10	image	source-illustration-10.jpg
10	mantra	॥ ಶ್ರೀ ಮಯೂರೇಶ್ವರಾಯ ನಮಃ ॥
11	caption	ಆದ್ಯಕ್ಷೇತ್ರ ಶ್ರೀಮಯೂರೇಶ್ವರ, ದಂಡಕಾರಣ್ಯ, ಢೇಂವಾಡ್ [ಸ್ಥಳನಾಮದ ಪಾಠ ಪರಿಶೀಲನೆ ಅಗತ್ಯ]
11	image	source-illustration-11.jpg
11	mantra	॥ ಶ್ರೀ ಮಯೂರೇಶ್ವರಾಯ ನಮಃ ॥
12	caption	ಶ್ರೀವಕ್ರತುಂಡ ಮಯೂರೇಶ್ವರ, ದಂಡಕಾರಣ್ಯ, ಢೇಂವಾಡ್ [ಸ್ಥಳನಾಮದ ಪಾಠ ಪರಿಶೀಲನೆ ಅಗತ್ಯ]
12	image	source-illustration-12.jpg
12	mantra	॥ ಶ್ರೀ ವಕ್ರತುಂಡ ಮಯೂರೇಶ್ವರಾಯ ನಮಃ ॥
13	caption	ಶ್ರೀ ಅಷ್ಟವಿನಾಯಕ ಪ್ರಸನ್ನ
13	image	source-illustration-13.jpg
13	mantra	॥ ಶ್ರೀ ಅಷ್ಟವಿನಾಯಕಾಯ ನಮಃ ॥
